{"Encoder Training Loss": 13.52451229095459, "_timestamp": 1730055379.9287264, "_runtime": 209.08538150787354, "_step": 9, "_wandb": {"runtime": 208}}