{"Generator Training Loss": 124734.08861029588, "Generator Validation Loss": 124684.86227101293, "_timestamp": 1730750549.9596977, "_runtime": 446.54570484161377, "_step": 99, "_wandb": {"runtime": 460}}