{"Encoder Training Loss": 1.4453810340085204e-07, "Encoder Validation Loss": 0.0005694133715237325, "_timestamp": 1732572858.870676, "_runtime": 33.87301015853882, "_step": 21, "PCA of Predicted Chemical Embeddings": {"_type": "image-file", "sha256": "a5524d9ab04337bf36306978a1aaf0ca4bb4fad7289d6682886254cf2aa22bde", "size": 317440, "path": "media/images/PCA of Predicted Chemical Embeddings_21_a5524d9ab04337bf3630.png", "format": "png", "width": 2400, "height": 1800}, "_wandb": {"runtime": 32}}