{"Encoder Training Loss": 1.0125425996747698e-05, "Encoder Validation Loss": 1.0557604093033379e-05, "_timestamp": 1730869228.4407237, "_runtime": 58.71400260925293, "_step": 10, "PCA of Predicted Chemical Embeddings": {"_type": "image-file", "sha256": "13701f68d3d54674dba0bf3f6685ca70b1857a087abd8dbca9c27d31c37a4dae", "size": 109646, "path": "media/images/PCA of Predicted Chemical Embeddings_10_13701f68d3d54674dba0.png", "format": "png", "width": 1920, "height": 1440}, "_wandb": {"runtime": 59}}