{"Encoder Training Loss": 3.677242563835127e-06, "Encoder Validation Loss": 0.000600925378764699, "_timestamp": 1732567865.3839028, "_runtime": 49.036892890930176, "_step": 64, "_wandb": {"runtime": 48}}