{"PCA of Predicted Chemical Embeddings": {"_type": "image-file", "sha256": "a5776729fcc422192b4152db53d576963b598a72d0d2a428d3b0754eb1abaad8", "size": 115901, "path": "media/images/PCA of Predicted Chemical Embeddings_1_a5776729fcc422192b41.png", "format": "png", "width": 2400, "height": 1800}, "_timestamp": 1733803892.4206426, "_runtime": 4.307920694351196, "_step": 2, "Encoder Training Loss": 0.121104059740901, "Encoder Validation Loss": 0.13839474320411682, "_wandb": {"runtime": 4}}