{"Encoder Training Loss": 2.999818634299128e-06, "Encoder Validation Loss": 0.0007477677233482789, "_timestamp": 1733796922.0155041, "_runtime": 305.84790205955505, "_step": 156, "PCA of Predicted Chemical Embeddings": {"_type": "image-file", "sha256": "6e272140ab791f0cb06c2bac1907ce32af225efbe5f47a428b82cd183b88fe95", "size": 422139, "path": "media/images/PCA of Predicted Chemical Embeddings_156_6e272140ab791f0cb06c.png", "format": "png", "width": 2400, "height": 1800}, "_wandb": {"runtime": 305}}