{"MNIST Encoder Training Loss": 2.128553725961325e-05, "MNIST Encoder Validation Loss": 0.0006117512438548688, "_timestamp": 1732250596.1030152, "_runtime": 221.36352515220642, "_step": 199, "_wandb": {"runtime": 220}}