{"Encoder Training Loss": 2.5527180564760983e-05, "Encoder Validation Loss": 0.0004806864610318067, "_timestamp": 1732641721.1234539, "_runtime": 971.9545967578888, "_step": 31, "PCA of Predicted Chemical Embeddings": {"_type": "image-file", "sha256": "935ced114d43f5c75631c9eb197ae4f434805ee875e0dcb5f5454bb52f334280", "size": 378245, "path": "media/images/PCA of Predicted Chemical Embeddings_31_935ced114d43f5c75631.png", "format": "png", "width": 2400, "height": 1800}, "_wandb": {"runtime": 970}}