{"MNIST Encoder Training Loss": 1.5309645480287794e-06, "MNIST Encoder Validation Loss": 0.0006432990573819097, "_timestamp": 1732253704.6956272, "_runtime": 120.04059720039368, "_step": 199, "_wandb": {"runtime": 118}}