{"Encoder Training Loss": 440.4872099613321, "_timestamp": 1730060946.987377, "_runtime": 19.031226873397827, "_step": 0, "_wandb": {"runtime": 17}}