{"MNIST Encoder Training Loss": 0.005640976536131211, "MNIST Encoder Validation Loss": 0.005620462029352228, "_timestamp": 1732258359.1113918, "_runtime": 7.597088813781738, "_step": 9, "_wandb": {"runtime": 6}}