{"Encoder Training Loss": 0.0016414509627497042, "Encoder Validation Loss": 0.0003705292958078769, "_timestamp": 1732566382.887586, "_runtime": 43.50275921821594, "_step": 0, "_wandb": {"runtime": 42}}