{"OneHottoIMSGenerator Training Loss": 122013.36914764659, "OneHottoIMSGenerator Validation Loss": 124203.76209960095, "_timestamp": 1739897332.3438618, "_runtime": 1825.893542766571, "_step": 69, "Early Stopping Ecoch": 64, "Learning Rate at Final Epoch": 1.0000000000000004e-08, "Comparison of Real and Synthetic CARLs": {"_type": "image-file", "sha256": "14ecb575a4d7da0f60014ffeb357d78c4c2d4b8182125b487f2ec23edddc2097", "size": 278272, "path": "media/images/Comparison of Real and Synthetic CARLs_69_14ecb575a4d7da0f6001.png", "format": "png", "width": 4200, "height": 2400}}