{"Generator Training Loss": 225631.5725360865, "Generator Validation Loss": 151897.97292564655, "_timestamp": 1730397732.5360942, "_runtime": 5.727649211883545, "_step": 0, "_wandb": {"runtime": 4}}