{"Encoder Training Loss": 6.0054756767137106e-05, "Encoder Validation Loss": 0.000785227414896958, "_timestamp": 1733797579.5074008, "_runtime": 146.25372076034546, "_step": 61, "PCA of Predicted Chemical Embeddings": {"_type": "image-file", "sha256": "fb3428fa4b6f71d8e8b513ca8b0fb37cbca3d355e4a260a1b953130c3d120364", "size": 354885, "path": "media/images/PCA of Predicted Chemical Embeddings_61_fb3428fa4b6f71d8e8b5.png", "format": "png", "width": 2400, "height": 1800}, "_wandb": {"runtime": 145}}