{"Encoder Training Loss": 2.9691343235797917e-06, "Encoder Validation Loss": 0.0006525198941398417, "_timestamp": 1733796480.1361022, "_runtime": 80.6972451210022, "_step": 39, "PCA of Predicted Chemical Embeddings": {"_type": "image-file", "sha256": "c533571d089716cb3f64e0645dcc86b6b5e7e4d30766571faef7226c315f5d14", "size": 438202, "path": "media/images/PCA of Predicted Chemical Embeddings_39_c533571d089716cb3f64.png", "format": "png", "width": 2400, "height": 1800}, "_wandb": {"runtime": 79}}