{"Encoder Training Loss": 1.9969247227362097e-07, "Encoder Validation Loss": 5.603319398463235e-06, "_timestamp": 1732034400.4178987, "_runtime": 493.3355185985565, "_step": 99, "_wandb": {"runtime": 504}}