{"Encoder Training Loss": 0.0047249869716364705, "Encoder Validation Loss": 0.0009199033095463729, "_timestamp": 1732559568.4956148, "_runtime": 5.918890714645386, "_step": 0, "_wandb": {"runtime": 16}}