{"Encoder Training Loss": 1.2156231173799638e-05, "Encoder Validation Loss": 3.185639219359387e-05, "_timestamp": 1733797120.6817765, "_runtime": 2272.2574384212494, "_step": 92, "PCA of Predicted Chemical Embeddings": {"_type": "image-file", "sha256": "ada3956c2af0b18e78c146d2fb8060a9b3fb53a6bd9ebb3e4c35fb6f5390757e", "size": 214259, "path": "media/images/PCA of Predicted Chemical Embeddings_92_ada3956c2af0b18e78c1.png", "format": "png", "width": 2400, "height": 1800}, "_wandb": {"runtime": 2272}}