{"Encoder Training Loss": 0.004689804929562858, "Encoder Validation Loss": 0.002845132253152615, "_timestamp": 1732568662.602996, "_runtime": 4.870728015899658, "_step": 0, "_wandb": {"runtime": 5}}