{"Encoder Training Loss": 0.00014477803616861387, "Encoder Validation Loss": 0.031161456426553772, "_timestamp": 1733773962.2740636, "_runtime": 86.19615650177002, "_step": 11, "PCA of Predicted Chemical Embeddings": {"_type": "image-file", "sha256": "0c0354108d57870c9d2af09537b1393487c674abd31ef0c8ebe2dae502eb4880", "size": 448475, "path": "media/images/PCA of Predicted Chemical Embeddings_10_0c0354108d57870c9d2a.png", "format": "png", "width": 2400, "height": 1800}, "_wandb": {"runtime": 85}}