{"Generator Training Loss": 128988.50513221932, "Generator Validation Loss": 129553.80416340865, "_timestamp": 1735849372.4502335, "_runtime": 28.091224431991577, "_step": 0, "_wandb": {"runtime": 81}}