{"Encoder Training Loss": 0.00017747399694003393, "Encoder Validation Loss": 0.000105744157891728, "_timestamp": 1732563181.4877632, "_runtime": 83.31987404823303, "_step": 10, "_wandb": {"runtime": 84}}