{"MNIST Encoder Training Loss": 0.00026891796438078196, "MNIST Encoder Validation Loss": 0.0008812592942983125, "_timestamp": 1732255576.3913815, "_runtime": 6.911222457885742, "_step": 9, "_wandb": {"runtime": 6}}