{"Encoder Training Loss": 3.4288802152561332e+16, "Encoder Validation Loss": 3559613017.368421, "_timestamp": 1734417447.4052217, "_runtime": 126.42196679115295, "_step": 4, "_wandb": {"runtime": 126}}