{"Encoder Training Loss": 1.1576645134491116e-06, "Encoder Validation Loss": 0.0006153519728846645, "_timestamp": 1733795148.9851139, "_runtime": 63.27229690551758, "_step": 16, "PCA of Predicted Chemical Embeddings": {"_type": "image-file", "sha256": "3f9b61c30e97392e0e4032357981e4f5249b979ad98d91b78e3f56ba0811076c", "size": 317856, "path": "media/images/PCA of Predicted Chemical Embeddings_16_3f9b61c30e97392e0e40.png", "format": "png", "width": 2400, "height": 1800}, "_wandb": {"runtime": 62}}