{"Encoder Training Loss": 2.685093662623602, "_timestamp": 1730058112.9559183, "_runtime": 45.18348026275635, "_step": 1, "_wandb": {"runtime": 43}}