{"Encoder Training Loss": 0.0004412041842182973, "Encoder Validation Loss": 0.000577786884479855, "_timestamp": 1732221803.3148704, "_runtime": 50.876641273498535, "_step": 9, "_wandb": {"runtime": 61}}