{"Encoder Training Loss": 0.0, "Encoder Validation Loss": 0.2195784517660223, "_timestamp": 1730309798.0130658, "_runtime": 1.0519497394561768, "_step": 0, "_wandb": {"runtime": 1}}