{"Encoder Training Loss": 14.74604893552846, "_timestamp": 1730059356.5054615, "_runtime": 36.56654644012451, "_step": 1, "_wandb": {"runtime": 48}}