{"Encoder Training Loss": 0.000795614743230419, "Encoder Validation Loss": 0.001187825601896044, "_timestamp": 1733797625.2732136, "_runtime": 42.808560609817505, "_step": 16, "PCA of Predicted Chemical Embeddings": {"_type": "image-file", "sha256": "c40c9a1d802f9cc1ef35a0f65dd6a621b121031fee609644b67e9810845d7109", "size": 597535, "path": "media/images/PCA of Predicted Chemical Embeddings_16_c40c9a1d802f9cc1ef35.png", "format": "png", "width": 2400, "height": 1800}, "_wandb": {"runtime": 41}}