{"Generator Training Loss": 465645.863949449, "Generator Validation Loss": 465855.2113415948, "_timestamp": 1730755432.787386, "_runtime": 136.00742602348328, "_step": 34, "Comparison of Experimental and Synthetic Spectra": {"_type": "image-file", "sha256": "81c6201584a34b127f224aa0a4d38e846321ee4c045c3c28f80d8efdca8592d5", "size": 297360, "path": "media/images/Comparison of Experimental and Synthetic Spectra_34_81c6201584a34b127f22.png", "format": "png", "width": 6000, "height": 3000}, "_wandb": {"runtime": 135}}