{"PCA of Predicted Chemical Embeddings": {"_type": "image-file", "sha256": "cddcb1fecd6e09cad6cdf713633c714cedc5dbaaa8ae6b23bdc214927d728ab2", "size": 114271, "path": "media/images/PCA of Predicted Chemical Embeddings_1_cddcb1fecd6e09cad6cd.png", "format": "png", "width": 2400, "height": 1800}, "_timestamp": 1733802409.9734256, "_runtime": 8.815519571304321, "_step": 2, "Encoder Training Loss": 0.027382075081073168, "Encoder Validation Loss": 0.03581918851946593, "_wandb": {"runtime": 7}}