{"Encoder Training Loss": 0.00527997615406642, "_timestamp": 1730305178.6795764, "_runtime": 462.17977237701416, "_step": 61, "Encoder Validation Loss": 0.00015354102867079213, "_wandb": {"runtime": 469}}