{"Encoder Training Loss": 0.00018064920288239696, "Encoder Validation Loss": 0.00011691920390384094, "_timestamp": 1733431156.1300776, "_runtime": 274.0872905254364, "_step": 11, "PCA of Predicted Chemical Embeddings": {"_type": "image-file", "sha256": "82f80e59bbeaa04ded26d4d296bbc6157fe57ea218393387bc756d5d6cf951a9", "size": 270975, "path": "media/images/PCA of Predicted Chemical Embeddings_10_82f80e59bbeaa04ded26.png", "format": "png", "width": 2400, "height": 1800}, "_wandb": {"runtime": 273}}