{"PCA of Predicted Chemical Embeddings": {"_type": "image-file", "sha256": "646a2efcd7619318f8d731408a9a132f28283046184c3e8fd9d75924a9b506f9", "size": 116887, "path": "media/images/PCA of Predicted Chemical Embeddings_1_646a2efcd7619318f8d7.png", "format": "png", "width": 2400, "height": 1800}, "_timestamp": 1733803472.3394842, "_runtime": 4.074076175689697, "_step": 2, "Encoder Training Loss": 0.10697607562327996, "Encoder Validation Loss": 0.08291141763329506, "_wandb": {"runtime": 3}}