{"PCA of Predicted Chemical Embeddings": {"_type": "image-file", "sha256": "00e1cf107fca57cb0a0724f713052b68047b3f58ce4188c39bc83b4dfca7f317", "size": 130235, "path": "media/images/PCA of Predicted Chemical Embeddings_1_00e1cf107fca57cb0a07.png", "format": "png", "width": 2400, "height": 1800}, "_timestamp": 1733779217.291422, "_runtime": 9.017344951629639, "_step": 2, "Encoder Training Loss": 0.09316928411523501, "Encoder Validation Loss": 0.0628198423733314, "_wandb": {"runtime": 8}}