{"Encoder Training Loss": "4.53e-05", "Encoder Validation Loss": "4.36e-05", "_timestamp": 1734197149.6542149, "_runtime": 201.83477878570557, "_step": 6, "_wandb": {"runtime": 218}}