{"OneHottoIMSGenerator Training Loss": 108389.96596200815, "OneHottoIMSGenerator Validation Loss": 111799.03172269333, "_timestamp": 1739860074.5756516, "_runtime": 7065.630322694778, "_step": 157}