{"Encoder Training Loss": 60240879308089.15, "Encoder Validation Loss": 1.0559569752141613, "_timestamp": 1732574609.4071214, "_runtime": 2399.3137044906616, "_step": 43, "PCA of Predicted Chemical Embeddings": {"_type": "image-file", "sha256": "4a4f57649bc7cc9a94e9e4f40a765033ba1654425e8d9ee54c36ee81b01d54b2", "size": 236291, "path": "media/images/PCA of Predicted Chemical Embeddings_43_4a4f57649bc7cc9a94e9.png", "format": "png", "width": 2400, "height": 1800}, "_wandb": {"runtime": 2399}}