{"Encoder Training Loss": 6.145067532672392e-05, "Encoder Validation Loss": 7.245480898436183e-05, "_timestamp": 1732033857.9187744, "_runtime": 50.904725313186646, "_step": 9, "_wandb": {"runtime": 61}}