{"Encoder Training Loss": 0.01150851585008864, "_timestamp": 1730302371.5497787, "_runtime": 4.251032590866089, "_step": 1, "Encoder Validation Loss": 0.0018541935664714024, "_wandb": {"runtime": 17}}