{"Encoder Training Loss": 465.49896444781075, "_timestamp": 1730059392.7081025, "_runtime": 18.95223045349121, "_step": 0, "_wandb": {"runtime": 77}}