{"Encoder Training Loss": 0.0062043081727627646, "Encoder Validation Loss": 0.0015263110929889332, "_timestamp": 1733418650.7188525, "_runtime": 898.1755924224854, "_step": 1, "PCA of Predicted Chemical Embeddings": {"_type": "image-file", "sha256": "1d8181a7ab21c5974b17048c50a147e1d3ea6686d1419ed13eecdec86bdeef79", "size": 777644, "path": "media/images/PCA of Predicted Chemical Embeddings_1_1d8181a7ab21c5974b17.png", "format": "png", "width": 2400, "height": 1800}, "_wandb": {"runtime": 48}}