{"PCA of Predicted Chemical Embeddings": {"_type": "image-file", "sha256": "dc90b6b83e9c0b9ed9ed55aefe73f31046b0a1066f74bc7afbb22be26473e771", "size": 177593, "path": "media/images/PCA of Predicted Chemical Embeddings_1_dc90b6b83e9c0b9ed9ed.png", "format": "png", "width": 2400, "height": 1800}, "_timestamp": 1733778450.3581057, "_runtime": 47.30628561973572, "_step": 2, "Encoder Training Loss": 0.032850651276618126, "Encoder Validation Loss": 0.012595846131443978, "_wandb": {"runtime": 46}}