{"Encoder Training Loss": 152.2157745361328, "_timestamp": 1730057302.5417147, "_runtime": 7.850952625274658, "_step": 0, "_wandb": {"runtime": 119}}