{"MNIST Encoder Training Loss": 0.00016399719270097392, "MNIST Encoder Validation Loss": 0.0008614414342733461, "_timestamp": 1732560563.8773704, "_runtime": 73.51365733146667, "_step": 99, "_wandb": {"runtime": 73}}