{"Encoder Training Loss": 2.358823787922404e-08, "Encoder Validation Loss": 0.0021959041680815567, "_timestamp": 1734408761.6376412, "_runtime": 537.1895523071289, "_step": 27, "Early Stopping Ecoch": 24, "Learning Rate at Final Epoch": 1.0000000000000002e-07, "PCA of Predicted Chemical Embeddings": {"_type": "image-file", "sha256": "4214ce9a6b4b09022c8697a0f38609fd3d95a89d3d155caf38bc0f77517bf6d8", "size": 371187, "path": "media/images/PCA of Predicted Chemical Embeddings_27_4214ce9a6b4b09022c86.png", "format": "png", "width": 2400, "height": 1800}, "_wandb": {"runtime": 537}}