{"Encoder Training Loss": 6.97659869261647e-05, "Encoder Validation Loss": 0.0001763664642943507, "_timestamp": 1730316823.2917767, "_runtime": 59.919668674468994, "_step": 10, "PCA of Predicted Chemical Embeddings": {"_type": "image-file", "sha256": "c863368350af7ba3e3c61634d7f1e9d2e817633b66d411fdbd331545822040d3", "size": 187314, "path": "media/images/PCA of Predicted Chemical Embeddings_10_c863368350af7ba3e3c6.png", "format": "png", "width": 1920, "height": 1440}, "_wandb": {"runtime": 60}}