{"Encoder Training Loss": 5.445879144926743e-06, "Encoder Validation Loss": 9.623876018237244e-05, "_timestamp": 1732221601.0847728, "_runtime": 84.00707578659058, "_step": 16, "_wandb": {"runtime": 119}}