{"MNIST Encoder Training Loss": 0.05456332625448704, "MNIST Encoder Validation Loss": 0.027483195155149416, "_timestamp": 1732258905.4480553, "_runtime": 2.8370072841644287, "_step": 0, "_wandb": {"runtime": 2}}