{"Encoder Training Loss": 4.643118316120194e-05, "Encoder Validation Loss": 5.228638904854726e-05, "_timestamp": 1733420567.692219, "_runtime": 629.3037929534912, "_step": 83, "PCA of Predicted Chemical Embeddings": {"_type": "image-file", "sha256": "88e7513b86571a70ef813dd1861c7672df65055176a317faa245883a1f5a7a5c", "size": 170213, "path": "media/images/PCA of Predicted Chemical Embeddings_83_88e7513b86571a70ef81.png", "format": "png", "width": 2400, "height": 1800}, "_wandb": {"runtime": 629}}