{"Encoder Training Loss": 5.2305703201440645e-06, "Encoder Validation Loss": 0.00045034274965958935, "_timestamp": 1732224511.6563966, "_runtime": 498.236784696579, "_step": 99, "_wandb": {"runtime": 509}}