{"Encoder Training Loss": 3.227494716644287, "_timestamp": 1730057166.1720543, "_runtime": 92.8401153087616, "_step": 1, "_wandb": {"runtime": 91}}