{"IMStoOneHotEncoder Training Loss": 0.00015703245386557778, "IMStoOneHotEncoder Validation Loss": 9.401626007571132e-05, "_timestamp": 1739903250.1805155, "_runtime": 1149.761777639389, "_step": 14}