{"PCA of Predicted Chemical Embeddings": {"_type": "image-file", "sha256": "91ddefa1120c93cc9b17ea5a772f49196a4a183d23d3aad82522f2372f95c117", "size": 748017, "path": "media/images/PCA of Predicted Chemical Embeddings_1_91ddefa1120c93cc9b17.png", "format": "png", "width": 2400, "height": 1800}, "_timestamp": 1733429540.6472921, "_runtime": 37.103262186050415, "_step": 2, "Encoder Training Loss": 0.006149692727250777, "Encoder Validation Loss": 0.001305838175853594, "_wandb": {"runtime": 36}}