{"Encoder Training Loss": 88519.36623378967, "Encoder Validation Loss": 0.07858421576434169, "_timestamp": 1732223816.7907262, "_runtime": 51.040242195129395, "_step": 9, "_wandb": {"runtime": 61}}