{"MNIST Encoder Training Loss": 0.028133701678260445, "MNIST Encoder Validation Loss": 0.03125079206826276, "_timestamp": 1732548213.2577987, "_runtime": 3.746196746826172, "_step": 3, "_wandb": {"runtime": 4}}