{"CIFAR10 Encoder Training Loss": 0.026061899725582215, "CIFAR10 Encoder Validation Loss": 0.025910518020391463, "_timestamp": 1732229335.609291, "_runtime": 2.7950210571289062, "_step": 1, "_wandb": {"runtime": 3}}