{"MNIST Encoder Training Loss": 1.989152121524652e-07, "MNIST Encoder Validation Loss": 0.0006309232323917039, "_timestamp": 1732256990.693184, "_runtime": 55.397274017333984, "_step": 99, "_wandb": {"runtime": 55}}