{"Encoder Training Loss": 1.4886754821053183e-05, "Encoder Validation Loss": 14544.654405280198, "_timestamp": 1738653850.6948667, "_runtime": 1341.4762406349182, "_step": 29, "Early Stopping Ecoch": 27, "Learning Rate at Final Epoch": 1e-05, "PCA of Predicted Chemical Embeddings": {"_type": "image-file", "sha256": "6b2eae45851bf004ddbac6ea2d65de4f9f831db64d524ee095bd43f78941eb2d", "size": 442984, "path": "media/images/PCA of Predicted Chemical Embeddings_29_6b2eae45851bf004ddba.png", "format": "png", "width": 2400, "height": 1800}, "_wandb": {"runtime": 1341}}