{"Encoder Training Loss": 1.552123688122078e-07, "Encoder Validation Loss": 8.253838527898669e-06, "_timestamp": 1732042118.1952085, "_runtime": 484.50580859184265, "_step": 99, "_wandb": {"runtime": 495}}