{"Encoder Training Loss": "1.53e-05", "Encoder Validation Loss": "8.98e-06", "_timestamp": 1734285633.84122, "_runtime": 1658.591229915619, "_step": 33, "_wandb": {"runtime": 1685}}