{"Encoder Training Loss": 0.00025780252239508087, "Encoder Validation Loss": 0.0002577927764613033, "_timestamp": 1730312374.5035923, "_runtime": 15.911213159561157, "_step": 1}