{"Encoder Training Loss": 8.912935446056467e-06, "Encoder Validation Loss": 1.5702932484310653e-05, "_timestamp": 1732656505.7614744, "_runtime": 3819.523757457733, "_step": 501, "PCA of Predicted Chemical Embeddings": {"_type": "image-file", "sha256": "c4b2295f38b73c21093019a762e47603122013b7af5bae92d4db8b300ed6a9fa", "size": 213183, "path": "media/images/PCA of Predicted Chemical Embeddings_500_c4b2295f38b73c210930.png", "format": "png", "width": 2400, "height": 1800}, "_wandb": {"runtime": 3819}}