{"Encoder Training Loss": 0.00020304380802600806, "Encoder Validation Loss": 0.00020317481069249534, "_timestamp": 1732653134.0155077, "_runtime": 447.7777907848358, "_step": 58}