{"Encoder Training Loss": 1.5667582565340503, "_timestamp": 1730059225.8908522, "_runtime": 124.60452032089233, "_step": 6, "_wandb": {"runtime": 177}}