{"Generator Training Loss": 226453.13907148418, "Generator Validation Loss": 151930.45154229525, "_timestamp": 1730397948.6115026, "_runtime": 6.085709571838379, "_step": 0, "_wandb": {"runtime": 5}}