{"PCA of Predicted Chemical Embeddings": {"_type": "image-file", "sha256": "2e2462b832ed6d03953fb72614e023d0a6e8800332f96339163aecc1e2fd83a2", "size": 187603, "path": "media/images/PCA of Predicted Chemical Embeddings_1_2e2462b832ed6d03953f.png", "format": "png", "width": 2400, "height": 1800}, "_timestamp": 1733778513.9286225, "_runtime": 47.31003952026367, "_step": 2, "Encoder Training Loss": 0.03347602829322396, "Encoder Validation Loss": 0.012648718524724245, "_wandb": {"runtime": 46}}