{"CIFAR10 Encoder Training Loss": 8.232720828240837e-05, "CIFAR10 Encoder Validation Loss": 0.02497659461011016, "_timestamp": 1732228937.4491525, "_runtime": 40.22349143028259, "_step": 99, "_wandb": {"runtime": 39}}