{"Encoder Training Loss": 8.474006860534695e-05, "Encoder Validation Loss": 4.5732806970120475e-05, "_timestamp": 1730308187.707531, "_runtime": 47.58068799972534, "_step": 10, "PCA of Predicted Chemical Embeddings": {"_type": "image-file", "sha256": "8d622851f159ed2489dbb00fe7cbe8ebfeeb82ccf859e55334c579ad41d640f6", "size": 206903, "path": "media/images/PCA of Predicted Chemical Embeddings_10_8d622851f159ed2489db.png", "format": "png", "width": 1920, "height": 1440}, "_wandb": {"runtime": 48}}