{"Encoder Training Loss": 165.60515720099596, "_timestamp": 1730057952.9211912, "_runtime": 25.050257205963135, "_step": 0, "_wandb": {"runtime": 101}}