{"Encoder Training Loss": 507.97463149366706, "_timestamp": 1730060489.5298429, "_runtime": 18.126264810562134, "_step": 0, "_wandb": {"runtime": 17}}