{"MNIST Encoder Training Loss": 3.46675056371711e-06, "MNIST Encoder Validation Loss": 0.000716176185205389, "_timestamp": 1732256330.6958835, "_runtime": 211.4027554988861, "_step": 161, "_wandb": {"runtime": 213}}