{"Generator Training Loss": 125259.29964512459, "Generator Validation Loss": 125296.6380320582, "_timestamp": 1730403089.1317835, "_runtime": 110.54786658287048, "_step": 24, "Comparison of Experimental and Synthetic Spectra": {"_type": "image-file", "sha256": "da3a91735ffb3dfcff4fbfb228768cef4b8b92da96588a192e0913f5085be3ea", "size": 337435, "path": "media/images/Comparison of Experimental and Synthetic Spectra_24_da3a91735ffb3dfcff4f.png", "format": "png", "width": 6000, "height": 3000}, "_wandb": {"runtime": 109}}