{"PCA of Predicted Chemical Embeddings": {"_type": "image-file", "sha256": "c45bcc39df48507cd377ae5827c776534b547c0bafe3c561bbdeb64eb2c79b71", "size": 131679, "path": "media/images/PCA of Predicted Chemical Embeddings_1_c45bcc39df48507cd377.png", "format": "png", "width": 2400, "height": 1800}, "_timestamp": 1733780312.409202, "_runtime": 8.911951065063477, "_step": 2, "Encoder Training Loss": 0.09132194767395656, "Encoder Validation Loss": 0.06326509887973468, "_wandb": {"runtime": 8}}