{"Encoder Training Loss": 0.002016319731820991, "Encoder Validation Loss": 0.00022942535357789643, "_timestamp": 1732562945.4486694, "_runtime": 6.52715539932251, "_step": 0, "_wandb": {"runtime": 5}}