{"Encoder Training Loss": 2.3583512634994666e-05, "Encoder Validation Loss": 0.0006558581993898103, "_timestamp": 1733795082.0662026, "_runtime": 62.30301260948181, "_step": 16, "PCA of Predicted Chemical Embeddings": {"_type": "image-file", "sha256": "8b78486f8f2832fd8775ca4015561d9e70ea32814112dd2a695347bbda979627", "size": 335908, "path": "media/images/PCA of Predicted Chemical Embeddings_16_8b78486f8f2832fd8775.png", "format": "png", "width": 2400, "height": 1800}, "_wandb": {"runtime": 61}}