{"Encoder Training Loss": 1.882976376332687e-06, "Encoder Validation Loss": 0.0006832984028600826, "_timestamp": 1733796949.984346, "_runtime": 24.000739812850952, "_step": 17, "PCA of Predicted Chemical Embeddings": {"_type": "image-file", "sha256": "d4f2c99b93e6dbc3c9bd3c8782589c55730ef92c1813e9c11c595dd820acb279", "size": 413641, "path": "media/images/PCA of Predicted Chemical Embeddings_17_d4f2c99b93e6dbc3c9bd.png", "format": "png", "width": 2400, "height": 1800}, "_wandb": {"runtime": 22}}