{"Encoder Training Loss": 0.00015090155077781295, "Encoder Validation Loss": 0.000182489962737926, "_timestamp": 1732041580.4980638, "_runtime": 48.72647571563721, "_step": 9, "_wandb": {"runtime": 59}}