{"Encoder Training Loss": 1.1437005037479163e-05, "Encoder Validation Loss": 1.4589371497502976e-05, "_timestamp": 1734196372.0697439, "_runtime": 806.773806810379, "_step": 103, "Early Stopping Ecoch": 101, "PCA of Predicted Chemical Embeddings": {"_type": "image-file", "sha256": "e5a8eeeffbdcd75ddb72ae3dabae80441fbf9b3072d8f6352301a1bf7a72d93a", "size": 201109, "path": "media/images/PCA of Predicted Chemical Embeddings_103_e5a8eeeffbdcd75ddb72.png", "format": "png", "width": 2400, "height": 1800}, "_wandb": {"runtime": 806}}