{"Encoder Training Loss": 0.009017550713788836, "Encoder Validation Loss": 0.0068029667118614055, "_timestamp": 1733800971.0911357, "_runtime": 88.6091787815094, "_step": 24, "_wandb": {"runtime": 92}}