{"Encoder Training Loss": 1.3202276769323852e-07, "Encoder Validation Loss": 0.0004670582878641514, "_timestamp": 1738686834.073531, "_runtime": 1342.7612988948822, "_step": 50, "Early Stopping Ecoch": 48, "Learning Rate at Final Epoch": 1.0000000000000004e-08, "PCA of Predicted Chemical Embeddings": {"_type": "image-file", "sha256": "2a91566a45c15eddd017abd8ac70cbb6b569a02283c31d554aeb3f018f7de982", "size": 778965, "path": "media/images/PCA of Predicted Chemical Embeddings_50_2a91566a45c15eddd017.png", "format": "png", "width": 2400, "height": 1800}, "_wandb": {"runtime": 1343}}