{"Encoder Training Loss": 3.472059752697075e-05, "Encoder Validation Loss": 0.00091571221949084, "_timestamp": 1738685657.6303093, "_runtime": 166.31807732582092, "_step": 5}