{"Encoder Training Loss": 0.013103944845912421, "_timestamp": 1730304444.9249887, "_runtime": 19.564282655715942, "_step": 2, "Encoder Validation Loss": 0.002026499728752493, "PCA of Predicted Chemical Embeddings": {"_type": "image-file", "sha256": "ee2764368b7099a1256ee0af52300423cf5bef71c094650430f1f642323a81f9", "size": 95389, "path": "media/images/PCA of Predicted Chemical Embeddings_2_ee2764368b7099a1256e.png", "format": "png", "width": 640, "height": 480}, "_wandb": {"runtime": 19}}