{"Encoder Training Loss": 8.10587934953881e-07, "Encoder Validation Loss": 3.210708869728151e-05, "_timestamp": 1734419938.4585574, "_runtime": 627.1427674293518, "_step": 42, "Early Stopping Ecoch": 39, "Learning Rate at Final Epoch": 1.0000000000000002e-07, "PCA of Predicted Chemical Embeddings": {"_type": "image-file", "sha256": "65cd749f157b1af31a1f6ff8fb611cd375113f7318f3e04f85c05eb49befd87c", "size": 171733, "path": "media/images/PCA of Predicted Chemical Embeddings_42_65cd749f157b1af31a1f.png", "format": "png", "width": 2400, "height": 1800}, "_wandb": {"runtime": 627}}