{"MNIST Encoder Training Loss": 7.393150905503317e-08, "MNIST Encoder Validation Loss": 0.0005225129084222183, "_timestamp": 1732257874.3455236, "_runtime": 111.72360563278198, "_step": 99, "_wandb": {"runtime": 111}}