{"MNIST Encoder Training Loss": 1.924811120623356e-05, "MNIST Encoder Validation Loss": 0.000623907888505452, "_timestamp": 1732256723.7383754, "_runtime": 58.30519247055054, "_step": 99, "_wandb": {"runtime": 57}}