{"Encoder Training Loss": 8.452252915639638e-05, "Encoder Validation Loss": 0.010638866327941945, "_timestamp": 1733776115.4432685, "_runtime": 148.6421275138855, "_step": 19, "PCA of Predicted Chemical Embeddings": {"_type": "image-file", "sha256": "62c7395fc660bf7e27b7b97160cadbd150c19591d358f19a983766216ee57435", "size": 466456, "path": "media/images/PCA of Predicted Chemical Embeddings_19_62c7395fc660bf7e27b7.png", "format": "png", "width": 2400, "height": 1800}, "_wandb": {"runtime": 148}}