{"Encoder Training Loss": 0.0006194023651124563, "Encoder Validation Loss": 0.0016055943581367456, "_timestamp": 1732568924.7458243, "_runtime": 35.95760726928711, "_step": 14, "_wandb": {"runtime": 34}}