{"Encoder Training Loss": 5.251658148611851e-06, "Encoder Validation Loss": 0.000659987749378687, "_timestamp": 1732568421.1138995, "_runtime": 31.230161428451538, "_step": 63, "_wandb": {"runtime": 30}}