{"Encoder Training Loss": 0.0015934544415846018, "Encoder Validation Loss": 0.0007694375024521864, "_timestamp": 1732566220.7891753, "_runtime": 43.798540353775024, "_step": 0, "_wandb": {"runtime": 42}}