{"Encoder Training Loss": 5.7013231578420066e-05, "Encoder Validation Loss": 0.0003681714753455402, "_timestamp": 1732221740.653923, "_runtime": 80.2868959903717, "_step": 15, "_wandb": {"runtime": 87}}