{"Encoder Training Loss": 0.0010097290443583677, "Encoder Validation Loss": 0.0005470154984981617, "_timestamp": 1732576943.2672212, "_runtime": 129.7438383102417, "_step": 11, "PCA of Predicted Chemical Embeddings": {"_type": "image-file", "sha256": "153d537a78d205546fc9de87c74671f92eeff9cdae6dc48da4ee2eea59fc9866", "size": 465358, "path": "media/images/PCA of Predicted Chemical Embeddings_11_153d537a78d205546fc9.png", "format": "png", "width": 2400, "height": 1800}, "_wandb": {"runtime": 129}}