{"MNIST Encoder Training Loss": 8.049597497170984e-08, "MNIST Encoder Validation Loss": 0.0005879163551205124, "_timestamp": 1732253306.8590186, "_runtime": 75.98692059516907, "_step": 99, "_wandb": {"runtime": 75}}