{"CIFAR10 Encoder Training Loss": 0.033569317400099274, "CIFAR10 Encoder Validation Loss": 0.028022767562005255, "_timestamp": 1732228357.0811443, "_runtime": 1.3213152885437012, "_step": 0, "_wandb": {"runtime": 0}}