{"Encoder Training Loss": 1.0338835883378363e-05, "Encoder Validation Loss": 1.5209071867847624e-05, "_timestamp": 1730319807.3037646, "_runtime": 445.9031836986542, "_step": 100, "PCA of Predicted Chemical Embeddings": {"_type": "image-file", "sha256": "476240da094fd1b549d902f79ad07942d0e293cb719a50951d082c858d489a1f", "size": 93894, "path": "media/images/PCA of Predicted Chemical Embeddings_100_476240da094fd1b549d9.png", "format": "png", "width": 1920, "height": 1440}, "_wandb": {"runtime": 446}}