{"Encoder Training Loss": 7.965648039953522e-07, "Encoder Validation Loss": 0.002198483167037893, "_timestamp": 1734413588.5597527, "_runtime": 347.94767570495605, "_step": 52, "Early Stopping Ecoch": 49, "Learning Rate at Final Epoch": 1.0000000000000002e-06, "PCA of Predicted Chemical Embeddings": {"_type": "image-file", "sha256": "40603d7801f45c255d3a7c7c16875aebab4d06ada950d013fbce56822da9994b", "size": 728096, "path": "media/images/PCA of Predicted Chemical Embeddings_52_40603d7801f45c255d3a.png", "format": "png", "width": 2400, "height": 1800}, "_wandb": {"runtime": 348}}