{"Encoder Training Loss": 1.015606623653681e-05, "Encoder Validation Loss": 0.0007105304089689834, "_timestamp": 1732656108.9599264, "_runtime": 1290.2812232971191, "_step": 573, "PCA of Predicted Chemical Embeddings": {"_type": "image-file", "sha256": "fddf60da3d2132ab5df2f978577c9aadff69f7762ed02e0d068dd79809551e3a", "size": 430673, "path": "media/images/PCA of Predicted Chemical Embeddings_573_fddf60da3d2132ab5df2.png", "format": "png", "width": 2400, "height": 1800}, "_wandb": {"runtime": 1290}}