{"PCA of Predicted Chemical Embeddings": {"_type": "image-file", "sha256": "c387816bd98650f3b75676ed7bf9c2caee2cdb6a925d66dca4a41fcc22db156e", "size": 132481, "path": "media/images/PCA of Predicted Chemical Embeddings_1_c387816bd98650f3b756.png", "format": "png", "width": 2400, "height": 1800}, "_timestamp": 1733779718.2382648, "_runtime": 8.94802975654602, "_step": 2, "Encoder Training Loss": 0.09841704095403353, "Encoder Validation Loss": 0.0657580815255642, "_wandb": {"runtime": 8}}