{"Encoder Training Loss": 0.001623426959887904, "Encoder Validation Loss": 0.0009221593735956362, "_timestamp": 1732562082.939666, "_runtime": 8.504080057144165, "_step": 0, "_wandb": {"runtime": 19}}