{"Encoder Training Loss": 136.0516357421875, "_timestamp": 1730056906.6198504, "_runtime": 32.6500084400177, "_step": 0, "_wandb": {"runtime": 48}}