{"Generator Training Loss": 137604.09965066193, "Generator Validation Loss": 129330.37362741992, "_timestamp": 1735851875.5296307, "_runtime": 18.435863733291626, "_step": 0, "_wandb": {"runtime": 18}}