{"Encoder Training Loss": 1.48901024111386, "_timestamp": 1730058511.6501393, "_runtime": 84.44437336921692, "_step": 7, "_wandb": {"runtime": 84}}