{"PCA of Predicted Chemical Embeddings": {"_type": "image-file", "sha256": "ce193886edccc7886d6ff4791a71808ff46ea1552b12e766b5b08400e6617b4c", "size": 115003, "path": "media/images/PCA of Predicted Chemical Embeddings_1_ce193886edccc7886d6f.png", "format": "png", "width": 2400, "height": 1800}, "_timestamp": 1733803736.4009478, "_runtime": 4.3092687129974365, "_step": 2, "Encoder Training Loss": 0.12524868920445442, "Encoder Validation Loss": 0.12004165351390839, "_wandb": {"runtime": 4}}