{"Generator Training Loss": 286214.48283271445, "Generator Validation Loss": 286591.1049299569, "_timestamp": 1730756053.84721, "_runtime": 126.14677882194519, "_step": 34, "Comparison of Experimental and Synthetic Spectra": {"_type": "image-file", "sha256": "cb69bd787e427a4260edaf8c8034a9abc9d526d67ed794ca123e341e80974d87", "size": 308241, "path": "media/images/Comparison of Experimental and Synthetic Spectra_34_cb69bd787e427a4260ed.png", "format": "png", "width": 6000, "height": 3000}, "_wandb": {"runtime": 125}}