{"MNIST Encoder Training Loss": 1.268316051450868e-05, "MNIST Encoder Validation Loss": 0.0006998666614800413, "_timestamp": 1732257734.1275122, "_runtime": 116.3341691493988, "_step": 99, "_wandb": {"runtime": 115}}