{"PCA of Predicted Chemical Embeddings": {"_type": "image-file", "sha256": "a6b104caceb49d52b68ffcb597be931c06b72b521bfa5128fc922b98fcdd768d", "size": 182331, "path": "media/images/PCA of Predicted Chemical Embeddings_1_a6b104caceb49d52b68f.png", "format": "png", "width": 2400, "height": 1800}, "_timestamp": 1733778908.8589337, "_runtime": 48.4916136264801, "_step": 2, "Encoder Training Loss": 0.03340454483515189, "Encoder Validation Loss": 0.01274856316546599, "_wandb": {"runtime": 47}}