{"Encoder Training Loss": 7.324061641017714e-05, "Encoder Validation Loss": 3.8444040330495196e-05, "_timestamp": 1730314586.352531, "_runtime": 59.969074964523315, "_step": 10, "PCA of Predicted Chemical Embeddings": {"_type": "image-file", "sha256": "2d205ac35fc5b70b2e40f421b31dbb7c80cbb59fa743369941aa39b6b5150934", "size": 198256, "path": "media/images/PCA of Predicted Chemical Embeddings_10_2d205ac35fc5b70b2e40.png", "format": "png", "width": 1920, "height": 1440}, "_wandb": {"runtime": 60}}