{"Encoder Training Loss": 0.03097123836181057, "Encoder Validation Loss": 0.029729688786809018, "_timestamp": 1732565445.5793176, "_runtime": 1.279773473739624, "_step": 0, "_wandb": {"runtime": 0}}