{"Encoder Training Loss": 2.029951220526662e-06, "Encoder Validation Loss": 8.250493541388668e-06, "_timestamp": 1734048859.5216105, "_runtime": 18494.225424528122, "_step": 465}