{"Encoder Training Loss": 1.892462368749515e-05, "Encoder Validation Loss": 1.9119252985531383e-05, "_timestamp": 1734032075.0668235, "_runtime": 1709.770637512207, "_step": 42}