{"Encoder Training Loss": 2.539562232683225e-05, "Encoder Validation Loss": 2.4607766099624595e-05, "_timestamp": 1734031519.3573725, "_runtime": 1154.0611865520477, "_step": 28}