{"Encoder Training Loss": 4.6666952416172935e-07, "Encoder Validation Loss": 0.0005871072137058819, "_timestamp": 1738675367.7159436, "_runtime": 1007.1335005760193, "_step": 32, "_wandb": {"runtime": 1023}}