{"Encoder Training Loss": 1.813223735472393e-05, "Encoder Validation Loss": 6.433723416225333e-05, "_timestamp": 1732045703.3329196, "_runtime": 116.10049748420715, "_step": 99, "_wandb": {"runtime": 117}}