{"MNIST Encoder Training Loss": 2.100628202870141e-06, "MNIST Encoder Validation Loss": 0.0006047110258862176, "_timestamp": 1732256881.695565, "_runtime": 58.119109869003296, "_step": 99, "_wandb": {"runtime": 57}}