{"PCA of Predicted Chemical Embeddings": {"_type": "image-file", "sha256": "c3a002dc7c37921b403715879b8c52e24d59f136d4748f1f5545d67cc0454cd8", "size": 536944, "path": "media/images/PCA of Predicted Chemical Embeddings_1_c3a002dc7c37921b4037.png", "format": "png", "width": 2400, "height": 1800}, "_timestamp": 1732638254.519038, "_runtime": 35.02411389350891, "_step": 2, "Encoder Training Loss": 0.07933490709574134, "Encoder Validation Loss": 0.03778878475228945, "_wandb": {"runtime": 33}}