{"Generator Training Loss": 286636.83450377337, "Generator Validation Loss": 287405.4339304957, "_timestamp": 1730754897.1124675, "_runtime": 117.0929684638977, "_step": 34, "Comparison of Experimental and Synthetic Spectra": {"_type": "image-file", "sha256": "3fc5948f26e44f30286d10af9e5bab6548811918cb8c755bd25dc83cb3e7e2e0", "size": 288394, "path": "media/images/Comparison of Experimental and Synthetic Spectra_34_3fc5948f26e44f30286d.png", "format": "png", "width": 6000, "height": 3000}, "_wandb": {"runtime": 116}}