{"Encoder Training Loss": 3.702558707004265e-05, "Encoder Validation Loss": 0.0005831955211423801, "_timestamp": 1732223020.3204672, "_runtime": 492.3828091621399, "_step": 99, "_wandb": {"runtime": 503}}