{"Encoder Training Loss": 0.00015307766249744514, "Encoder Validation Loss": 0.00014735931155632114, "_timestamp": 1730315878.4454174, "_runtime": 60.1977264881134, "_step": 13, "_wandb": {"runtime": 64}}