{"Encoder Training Loss": 1.0544863489984679e-05, "Encoder Validation Loss": 1.1948045314687957e-05, "_timestamp": 1730328442.7272592, "_runtime": 757.8341090679169, "_step": 100, "PCA of Predicted Chemical Embeddings": {"_type": "image-file", "sha256": "af5810f84f33265c529d764d81dec286665c9aa816b43db695c62bdafd551cbc", "size": 111987, "path": "media/images/PCA of Predicted Chemical Embeddings_100_af5810f84f33265c529d.png", "format": "png", "width": 1920, "height": 1440}, "_wandb": {"runtime": 758}}