{"MNIST Encoder Training Loss": 5.55193899336597e-07, "MNIST Encoder Validation Loss": 0.0007341489532922196, "_timestamp": 1732255947.0292797, "_runtime": 128.2198007106781, "_step": 99, "_wandb": {"runtime": 127}}