{"Generator Training Loss": 151705.71206828122, "Generator Validation Loss": 151806.2506566541, "_timestamp": 1730404294.3886228, "_runtime": 244.67724180221558, "_step": 34, "Comparison of Experimental and Synthetic Spectra": {"_type": "image-file", "sha256": "d595093e703b7f4088170fee95647d41024315b2c1777eabe6477f524f039ad1", "size": 346151, "path": "media/images/Comparison of Experimental and Synthetic Spectra_34_d595093e703b7f408817.png", "format": "png", "width": 6000, "height": 3000}, "_wandb": {"runtime": 244}}