{"Generator Training Loss": 152214.019845546, "Generator Validation Loss": 167288.4598599138, "_timestamp": 1730401709.7005534, "_runtime": 108.80234932899475, "_step": 29, "_wandb": {"runtime": 107}}