{"Encoder Training Loss": 7.305854929250765e-06, "Encoder Validation Loss": 1.3940171122573607e-05, "_timestamp": 1731862226.6857684, "_runtime": 405.21221232414246, "_step": 99, "_wandb": {"runtime": 416}}