{"Encoder Training Loss": 1.7587202787399292, "_timestamp": 1730057028.8604746, "_runtime": 100.61305165290833, "_step": 2, "_wandb": {"runtime": 141}}