{"Generator Training Loss": 201712.76660577382, "Generator Validation Loss": 202288.48390355604, "_timestamp": 1730752264.7876053, "_runtime": 131.81969332695007, "_step": 38, "_wandb": {"runtime": 139}}