{"Generator Training Loss": 226799.3488185793, "Generator Validation Loss": 151839.12907462285, "_timestamp": 1730397697.7373018, "_runtime": 4.904524803161621, "_step": 0, "_wandb": {"runtime": 4}}