{"PCA of Predicted Chemical Embeddings": {"_type": "image-file", "sha256": "5f5da9d0e1eef879f9263ec54625a2d76b3ab5658a7e14556795fcc67803acb2", "size": 121993, "path": "media/images/PCA of Predicted Chemical Embeddings_1_5f5da9d0e1eef879f926.png", "format": "png", "width": 2400, "height": 1800}, "_timestamp": 1733779647.4748716, "_runtime": 8.90638256072998, "_step": 2, "Encoder Training Loss": 0.10985035101572672, "Encoder Validation Loss": 0.07168694287538528, "_wandb": {"runtime": 8}}