{"Generator Training Loss": 138979.3350763724, "Generator Validation Loss": 131442.76432235495, "_timestamp": 1735852154.1497128, "_runtime": 18.527684688568115, "_step": 0, "_wandb": {"runtime": 18}}