{"Encoder Training Loss": 6.330146503995515e-06, "Encoder Validation Loss": 1.2285194835250234e-05, "_timestamp": 1734195555.5761163, "_runtime": 6135.592483282089, "_step": 434, "Early Stopping Ecoch": 432, "PCA of Predicted Chemical Embeddings": {"_type": "image-file", "sha256": "af238bb402251454b33f200fc7aa872d8979d74a6c2e367b0bdd915d4b9c72a1", "size": 210830, "path": "media/images/PCA of Predicted Chemical Embeddings_434_af238bb402251454b33f.png", "format": "png", "width": 2400, "height": 1800}, "_wandb": {"runtime": 6135}}