{"Encoder Training Loss": 0.00012702658441239478, "Encoder Validation Loss": 0.0017606319076685925, "_timestamp": 1732568884.5680232, "_runtime": 75.84740710258484, "_step": 16, "_wandb": {"runtime": 74}}