{"Encoder Training Loss": 0.00048541791585478576, "Encoder Validation Loss": 0.0008355976816691791, "_timestamp": 1732223936.9836075, "_runtime": 41.13279843330383, "_step": 7, "_wandb": {"runtime": 52}}