{"Encoder Training Loss": 5.513578825438213e-05, "Encoder Validation Loss": 0.0008541520564934419, "_timestamp": 1732572065.8370588, "_runtime": 77.68268084526062, "_step": 56, "PCA of Predicted Chemical Embeddings": {"_type": "image-file", "sha256": "7894d930ef49d80e4b556fe3b220bc69814140674902e20cb84b0bddbbbe2641", "size": 333425, "path": "media/images/PCA of Predicted Chemical Embeddings_56_7894d930ef49d80e4b55.png", "format": "png", "width": 2400, "height": 1800}, "_wandb": {"runtime": 76}}