{"Encoder Training Loss": 0.02668994808529619, "Encoder Validation Loss": 0.012828592672422034, "_timestamp": 1733802486.0713558, "_runtime": 4.181869745254517, "_step": 0, "_wandb": {"runtime": 4}}