{"Encoder Training Loss": 2.5694813737243553e-09, "Encoder Validation Loss": 1.1183470619589727e-05, "_timestamp": 1734422340.151808, "_runtime": 2348.335429906845, "_step": 92, "Early Stopping Ecoch": 89, "Learning Rate at Final Epoch": 1.0000000000000004e-08, "PCA of Predicted Chemical Embeddings": {"_type": "image-file", "sha256": "45e33b1a6eb3a15cc9cbb00069b8a2216de7df39258222697a20bfd1ab73257a", "size": 167124, "path": "media/images/PCA of Predicted Chemical Embeddings_92_45e33b1a6eb3a15cc9cb.png", "format": "png", "width": 2400, "height": 1800}, "_wandb": {"runtime": 2348}}