{"Encoder Training Loss": 1.4736581179379362e-07, "Encoder Validation Loss": 0.034282010795800476, "_timestamp": 1738644475.7049289, "_runtime": 1078.589059829712, "_step": 43, "Early Stopping Ecoch": 40, "Learning Rate at Final Epoch": 1.0000000000000002e-07, "PCA of Predicted Chemical Embeddings": {"_type": "image-file", "sha256": "cefaab83ef0e04b2d6c2d7a88e0ae852f0267216dda1405c9e863ca424c76e25", "size": 578916, "path": "media/images/PCA of Predicted Chemical Embeddings_43_cefaab83ef0e04b2d6c2.png", "format": "png", "width": 2400, "height": 1800}, "_wandb": {"runtime": 1079}}