{"MNIST Encoder Training Loss": 0.0006053703490124318, "MNIST Encoder Validation Loss": 0.001051054520791609, "_timestamp": 1732255341.6279895, "_runtime": 448.07739543914795, "_step": 13, "_wandb": {"runtime": 465}}