{"MNIST Encoder Training Loss": 0.00018989913556932103, "MNIST Encoder Validation Loss": 0.0007823677592750755, "_timestamp": 1732254694.6946993, "_runtime": 153.9060983657837, "_step": 199, "_wandb": {"runtime": 153}}