{"Encoder Training Loss": 79839939007264.69, "Encoder Validation Loss": 8209160.260719437, "_timestamp": 1738652502.813779, "_runtime": 770.1051871776581, "_step": 17, "Early Stopping Ecoch": 15, "Learning Rate at Final Epoch": 0.0001, "PCA of Predicted Chemical Embeddings": {"_type": "image-file", "sha256": "3280acea504939ab68d5f8b76bd4f541d69b6c35670f4338a736c182147fd063", "size": 119812, "path": "media/images/PCA of Predicted Chemical Embeddings_17_3280acea504939ab68d5.png", "format": "png", "width": 2400, "height": 1800}, "_wandb": {"runtime": 770}}