{"Encoder Training Loss": 5.237316125748603e-07, "Encoder Validation Loss": 0.0003114833609649873, "_timestamp": 1738655195.4583716, "_runtime": 959.4165816307068, "_step": 38, "Early Stopping Ecoch": 36, "Learning Rate at Final Epoch": 1.0000000000000002e-06, "PCA of Predicted Chemical Embeddings": {"_type": "image-file", "sha256": "832cdddecda843f0fbaf9df929d6942eea99ca3940308a2279f12f2c3b6685a2", "size": 614774, "path": "media/images/PCA of Predicted Chemical Embeddings_38_832cdddecda843f0fbaf.png", "format": "png", "width": 2400, "height": 1800}, "_wandb": {"runtime": 959}}