{"Encoder Training Loss": 1582966297602903.0, "Encoder Validation Loss": 270.24041055810864, "_timestamp": 1732576605.8866448, "_runtime": 198.52366089820862, "_step": 11, "PCA of Predicted Chemical Embeddings": {"_type": "image-file", "sha256": "17935ea568aa1dc7f8de394d9e79bd6f2c934c7411d8197d93437b2ae8a224e1", "size": 206219, "path": "media/images/PCA of Predicted Chemical Embeddings_11_17935ea568aa1dc7f8de.png", "format": "png", "width": 2400, "height": 1800}, "_wandb": {"runtime": 198}}