{"Encoder Training Loss": 0.009422413489717996, "Encoder Validation Loss": 0.003228963351197886, "_timestamp": 1732564696.9184725, "_runtime": 2.2197635173797607, "_step": 0, "_wandb": {"runtime": 1}}