{"Encoder Training Loss": 3.4098626044930105e-06, "_timestamp": 1730209703.1479528, "_runtime": 290.26104187965393, "_step": 19, "_wandb": {"runtime": 289}}