{"Encoder Training Loss": 1.3098138237151503e-05, "_timestamp": 1730209500.207001, "_runtime": 87.3200900554657, "_step": 5}