{"MNIST Encoder Training Loss": 3.9945509977313056e-05, "MNIST Encoder Validation Loss": 0.0006443166727505438, "_timestamp": 1732253568.1909046, "_runtime": 209.72438263893127, "_step": 90, "_wandb": {"runtime": 209}}