{"PCA of Predicted Chemical Embeddings": {"_type": "image-file", "sha256": "2f72173fcc9acf27ae2d9956903d8a1f0fe31347c2bfbc427db1d198a43e163d", "size": 125345, "path": "media/images/PCA of Predicted Chemical Embeddings_1_2f72173fcc9acf27ae2d.png", "format": "png", "width": 2400, "height": 1800}, "_timestamp": 1733779788.9153104, "_runtime": 8.84423828125, "_step": 2, "Encoder Training Loss": 0.10379849796493848, "Encoder Validation Loss": 0.06674316997329394, "_wandb": {"runtime": 8}}