{"Encoder Training Loss": 9.427812960207419e-06, "Encoder Validation Loss": 1.3480625525595503e-05, "_timestamp": 1731869271.1931968, "_runtime": 409.1779887676239, "_step": 99, "_wandb": {"runtime": 419}}