{"CIFAR10 Encoder Training Loss": 149.92963735771178, "CIFAR10 Encoder Validation Loss": 110.82204142827837, "_timestamp": 1732258516.5590107, "_runtime": 23.286929845809937, "_step": 9, "_wandb": {"runtime": 22}}