{"MNIST Encoder Training Loss": 0.00013786805300779396, "MNIST Encoder Validation Loss": 0.0010167475527523902, "_timestamp": 1732249401.431865, "_runtime": 112.50924706459045, "_step": 99, "_wandb": {"runtime": 111}}