{"Encoder Training Loss": "5.45e+02", "Encoder Validation Loss": "4.30e+00", "_timestamp": 1734199894.6434147, "_runtime": 425.5594127178192, "_step": 14, "_wandb": {"runtime": 450}}