{"PCA of Predicted Chemical Embeddings": {"_type": "image-file", "sha256": "8a4c634d1b2967dbe1a687628506069d06c8458510772dc87aedf8b9ed9f71bc", "size": 230971, "path": "media/images/PCA of Predicted Chemical Embeddings_1_8a4c634d1b2967dbe1a6.png", "format": "png", "width": 2400, "height": 1800}, "_timestamp": 1733429743.0573678, "_runtime": 36.267212867736816, "_step": 2, "Encoder Training Loss": 9.689038092959852e+22, "Encoder Validation Loss": 1.375779866258003e+24, "_wandb": {"runtime": 35}}