{"Encoder Training Loss": 0.004806356363143768, "Encoder Validation Loss": 0.0006013462030938987, "_timestamp": 1732559800.299776, "_runtime": 6.001603126525879, "_step": 0, "_wandb": {"runtime": 16}}