{"MNIST Encoder Training Loss": 1.962730963729843e-07, "MNIST Encoder Validation Loss": 0.04209966913161688, "_timestamp": 1732549365.455808, "_runtime": 75.31675481796265, "_step": 99, "_wandb": {"runtime": 74}}