{"Encoder Training Loss": 2.3011410741697308e-05, "Encoder Validation Loss": 0.0007983757573933233, "_timestamp": 1733783607.929316, "_runtime": 1270.2681939601898, "_step": 498}