{"Generator Training Loss": 126246.29905366554, "Generator Validation Loss": 127493.2838429418, "_timestamp": 1730400175.930136, "_runtime": 865.984531879425, "_step": 34, "Comparison of Experimental and Synthetic Spectra": {"_type": "image-file", "sha256": "649efc263cdc7bb295769cdcf81c1ef57062baebf721e04d8ececdbafc49610a", "size": 353744, "path": "media/images/Comparison of Experimental and Synthetic Spectra_34_649efc263cdc7bb29576.png", "format": "png", "width": 6000, "height": 3000}}