{"PCA of Predicted Chemical Embeddings": {"_type": "image-file", "sha256": "d333433a757743c27f05ad3e24a82494564837d793d9492b687726c6cdd8e845", "size": 646916, "path": "media/images/PCA of Predicted Chemical Embeddings_1_d333433a757743c27f05.png", "format": "png", "width": 2400, "height": 1800}, "_timestamp": 1732568353.8587449, "_runtime": 8.116817951202393, "_step": 2, "Encoder Training Loss": 0.00946049671948333, "Encoder Validation Loss": 0.0034234885485620787, "_wandb": {"runtime": 7}}