{"PCA of Predicted Chemical Embeddings": {"_type": "image-file", "sha256": "d96e1ff970f6759ef666ea15ceeee91b3cc4c6bf868ef2659b34c09c9c62ef1d", "size": 121398, "path": "media/images/PCA of Predicted Chemical Embeddings_1_d96e1ff970f6759ef666.png", "format": "png", "width": 2400, "height": 1800}, "_timestamp": 1733794426.5493064, "_runtime": 4.142803430557251, "_step": 2, "Encoder Training Loss": 0.0824108324944973, "Encoder Validation Loss": 0.08222835287451744, "_wandb": {"runtime": 3}}