{"Encoder Training Loss": 0.00026218728390189515, "Encoder Validation Loss": 0.0008957749888570155, "_timestamp": 1733797655.5621855, "_runtime": 26.882278442382812, "_step": 16, "PCA of Predicted Chemical Embeddings": {"_type": "image-file", "sha256": "feb367815b3c4a4715e9593e9715138b990c0d64c92d8bc47164303239e00fa6", "size": 423988, "path": "media/images/PCA of Predicted Chemical Embeddings_16_feb367815b3c4a4715e9.png", "format": "png", "width": 2400, "height": 1800}, "_wandb": {"runtime": 26}}