{"Encoder Training Loss": 3.3890635190263284e-05, "Encoder Validation Loss": 1785.7471227751018, "_timestamp": 1734369985.538888, "_runtime": 178.49497985839844, "_step": 12, "_wandb": {"runtime": 984}}