{"Encoder Training Loss": 0.34503719210624695, "_timestamp": 1729799542.5876377, "_runtime": 187.60780477523804, "_step": 8}