{"Encoder Training Loss": 5.390574584591896e-05, "Encoder Validation Loss": 0.0007102120896720016, "_timestamp": 1732567733.3579586, "_runtime": 43.755385637283325, "_step": 56, "_wandb": {"runtime": 43}}