{"Encoder Training Loss": 1.257945308869415e-05, "Encoder Validation Loss": 0.022977521201467205, "_timestamp": 1730395614.9997747, "_runtime": 418.02496671676636, "_step": 100, "PCA of Predicted Chemical Embeddings": {"_type": "image-file", "sha256": "ac4f7a5ac8fb414190c074e6c46cfc96fe91accdd60d374b0c31199c4f79fcda", "size": 118933, "path": "media/images/PCA of Predicted Chemical Embeddings_100_ac4f7a5ac8fb414190c0.png", "format": "png", "width": 1920, "height": 1440}, "_wandb": {"runtime": 418}}