{"Generator Training Loss": 124863.48799487902, "Generator Validation Loss": 124743.9820851293, "_timestamp": 1730927556.9352837, "_runtime": 1171.8175806999207, "_step": 134, "Comparison of Experimental and Synthetic Spectra": {"_type": "image-file", "sha256": "8cca18a963c89ae8d70f204e66ba753238f2a9c2e534053257d6d0a76c87cf6c", "size": 315735, "path": "media/images/Comparison of Experimental and Synthetic Spectra_134_8cca18a963c89ae8d70f.png", "format": "png", "width": 6000, "height": 3000}}