{"MNIST Encoder Training Loss": 4.26939942792765e-06, "MNIST Encoder Validation Loss": 0.0005652452997950713, "_timestamp": 1732249517.5320127, "_runtime": 111.5181896686554, "_step": 99, "_wandb": {"runtime": 110}}