{"Encoder Training Loss": 0.00011135612963837566, "Encoder Validation Loss": 0.00088720082574534, "_timestamp": 1732567597.6875322, "_runtime": 32.70023226737976, "_step": 41, "_wandb": {"runtime": 32}}