{"Encoder Training Loss": 0.0006517701490572152, "Encoder Validation Loss": 0.0011179540993449962, "_timestamp": 1733797067.7704716, "_runtime": 18.750614643096924, "_step": 11, "PCA of Predicted Chemical Embeddings": {"_type": "image-file", "sha256": "1c1cc295c697a677fc285e8be4bfee1f7a7ac9710a8b00a8f55ce5d4e092080c", "size": 566095, "path": "media/images/PCA of Predicted Chemical Embeddings_10_1c1cc295c697a677fc28.png", "format": "png", "width": 2400, "height": 1800}, "_wandb": {"runtime": 17}}