{"Encoder Training Loss": 138726.43387068145, "Encoder Validation Loss": 143951.81340747006, "_timestamp": 1735843677.659498, "_runtime": 517.4106500148773, "_step": 19}