{"MNIST Encoder Training Loss": 2.896969308103086e-06, "MNIST Encoder Validation Loss": 0.0006262841973587759, "_timestamp": 1732251826.9724715, "_runtime": 76.71155858039856, "_step": 99, "_wandb": {"runtime": 76}}