{"PCA of Predicted Chemical Embeddings": {"_type": "image-file", "sha256": "7b575200d73ed3cb4bd64e6ad951155363b434c31c27b431f8e4212a9b1dc0de", "size": 474930, "path": "media/images/PCA of Predicted Chemical Embeddings_1_7b575200d73ed3cb4bd6.png", "format": "png", "width": 2400, "height": 1800}, "_timestamp": 1733781368.6637878, "_runtime": 11.019749879837036, "_step": 2, "Encoder Training Loss": 0.16246469815572104, "Encoder Validation Loss": 0.1503780484199524, "_wandb": {"runtime": 10}}