{"Encoder Training Loss": 2.1699793856799287e-05, "_timestamp": 1730228292.3641262, "_runtime": 162.83417010307312, "_step": 19, "_wandb": {"runtime": 200}}