{"Encoder Training Loss": 5.92474039712881e-06, "Encoder Validation Loss": 0.00039248497544276434, "_timestamp": 1732222357.040387, "_runtime": 496.6223900318146, "_step": 99, "_wandb": {"runtime": 507}}