{"Encoder Training Loss": 1.3078098491814235e-07, "Encoder Validation Loss": 0.0004905061301779351, "_timestamp": 1738682931.617703, "_runtime": 1379.6357779502869, "_step": 51, "Early Stopping Ecoch": 49, "Learning Rate at Final Epoch": 1.0000000000000002e-07, "PCA of Predicted Chemical Embeddings": {"_type": "image-file", "sha256": "857cccea59ac065a003000ec0c4e89dc7594d359b56fcb455191dce8f7e2f563", "size": 714231, "path": "media/images/PCA of Predicted Chemical Embeddings_51_857cccea59ac065a0030.png", "format": "png", "width": 2400, "height": 1800}, "_wandb": {"runtime": 1379}}