{"Encoder Training Loss": 2.82819202499231e-06, "Encoder Validation Loss": 0.0005993142028754947, "_timestamp": 1733794903.9255905, "_runtime": 106.26326942443848, "_step": 20, "PCA of Predicted Chemical Embeddings": {"_type": "image-file", "sha256": "bc740028bbcf178066f69fd6eded6981bce5f0bf921e7b5651c10c5abfe4f563", "size": 345490, "path": "media/images/PCA of Predicted Chemical Embeddings_20_bc740028bbcf178066f6.png", "format": "png", "width": 2400, "height": 1800}, "_wandb": {"runtime": 105}}