{"PCA of Predicted Chemical Embeddings": {"_type": "image-file", "sha256": "c7a1dc9d9d38c87a14b581a04e02066281a554709a1b335515c5f577c99e0a85", "size": 125626, "path": "media/images/PCA of Predicted Chemical Embeddings_1_c7a1dc9d9d38c87a14b5.png", "format": "png", "width": 2400, "height": 1800}, "_timestamp": 1733779758.661507, "_runtime": 8.890475988388062, "_step": 2, "Encoder Training Loss": 0.09669208750128747, "Encoder Validation Loss": 0.06875180552403132, "_wandb": {"runtime": 8}}