{"Encoder Training Loss": 6.605751641054759e-05, "Encoder Validation Loss": 0.03025972314003411, "_timestamp": 1733774325.844763, "_runtime": 142.9753119945526, "_step": 20, "PCA of Predicted Chemical Embeddings": {"_type": "image-file", "sha256": "0d070ea4e6ee8006c38af2209b0b87c42e954ef2f495d00aa34f4907b94889a3", "size": 458797, "path": "media/images/PCA of Predicted Chemical Embeddings_20_0d070ea4e6ee8006c38a.png", "format": "png", "width": 2400, "height": 1800}, "_wandb": {"runtime": 142}}