{"Encoder Training Loss": 2.462817343441794e-10, "Encoder Validation Loss": 4.198550375584655e-05, "_timestamp": 1730316507.5948014, "_runtime": 60.22233247756958, "_step": 10, "PCA of Predicted Chemical Embeddings": {"_type": "image-file", "sha256": "e57ce44e9f4cc53b11b43bae1d8d66d484c7c310fcec811aa9f9296cf8d9e789", "size": 182971, "path": "media/images/PCA of Predicted Chemical Embeddings_10_e57ce44e9f4cc53b11b4.png", "format": "png", "width": 1920, "height": 1440}, "_wandb": {"runtime": 60}}