{"Encoder Training Loss": 0.00012140756598237899, "Encoder Validation Loss": 0.0011209812279654823, "_timestamp": 1732220959.2831826, "_runtime": 24.83740758895874, "_step": 49, "_wandb": {"runtime": 25}}