{"Encoder Training Loss": 0.00025975579214651556, "Encoder Validation Loss": 0.002000656237793117, "_timestamp": 1738637888.8750782, "_runtime": 212.08449721336365, "_step": 4, "PCA of Predicted Chemical Embeddings": {"_type": "image-file", "sha256": "32efb19bdcde3213d3729676f8994258afb8f7ee639acf5ca1ab8731479b69c5", "size": 587988, "path": "media/images/PCA of Predicted Chemical Embeddings_3_32efb19bdcde3213d372.png", "format": "png", "width": 2400, "height": 1800}, "_wandb": {"runtime": 211}}