{"Encoder Training Loss": 7.777204113697463e-05, "Encoder Validation Loss": 4.9829364578382126e-05, "_timestamp": 1730308299.7694762, "_runtime": 47.11081123352051, "_step": 10, "PCA of Predicted Chemical Embeddings": {"_type": "image-file", "sha256": "9dfc864b4f12bb9acbbc939054cdb6ee7842e9e57363157287360a63623d3bc7", "size": 193625, "path": "media/images/PCA of Predicted Chemical Embeddings_10_9dfc864b4f12bb9acbbc.png", "format": "png", "width": 1920, "height": 1440}, "_wandb": {"runtime": 48}}