{"Encoder Training Loss": 1.1725363547714843e-05, "Encoder Validation Loss": 1.145636221720232e-05, "_timestamp": 1731873975.3262966, "_runtime": 1187.5782656669617, "_step": 99, "_wandb": {"runtime": 1198}}