{"MNIST Encoder Training Loss": 1.938302194612741e-05, "MNIST Encoder Validation Loss": 0.0006077928752114878, "_timestamp": 1732257607.8262758, "_runtime": 48.98726272583008, "_step": 42, "_wandb": {"runtime": 49}}