{"Encoder Training Loss": 1.0018500828750646e-05, "_timestamp": 1732028298.4836593, "_runtime": 103.46871018409729, "_step": 99, "_wandb": {"runtime": 104}}