{"Encoder Training Loss": 2.646501150892018e-05, "Encoder Validation Loss": 3.220809817556638e-05, "_timestamp": 1734029988.2632618, "_runtime": 567.2590007781982, "_step": 18}