{"Encoder Training Loss": 7.822519482332555e-06, "Encoder Validation Loss": 1.3884508357938526e-05, "_timestamp": 1734031533.3367264, "_runtime": 2112.3324654102325, "_step": 60}