{"Encoder Training Loss": 6.758939485591164e-06, "Encoder Validation Loss": 9.756342130139008e-06, "_timestamp": 1734032051.4798694, "_runtime": 2630.4756083488464, "_step": 73}