{"Encoder Training Loss": 8.871134533672036e-07, "Encoder Validation Loss": 5.257646777026463e-06, "_timestamp": 1734048849.6282089, "_runtime": 19428.62394785881, "_step": 495}