{"Encoder Training Loss": 714.7508273420663, "_timestamp": 1730061749.5953507, "_runtime": 355.20786786079407, "_step": 19, "_wandb": {"runtime": 353}}