{"PCA of Predicted Chemical Embeddings": {"_type": "image-file", "sha256": "c56c02dad1eab9a4817ff462a2cf6eeb77013814fd3bf18343158714bfa70260", "size": 117457, "path": "media/images/PCA of Predicted Chemical Embeddings_1_c56c02dad1eab9a4817f.png", "format": "png", "width": 2400, "height": 1800}, "_timestamp": 1733780040.5037, "_runtime": 9.034845113754272, "_step": 2, "Encoder Training Loss": 0.09287319630384445, "Encoder Validation Loss": 0.0656782386203607, "_wandb": {"runtime": 8}}