{"Generator Training Loss": 286814.3786236224, "Generator Validation Loss": 287260.7456896552, "_timestamp": 1730755887.6718879, "_runtime": 118.44735288619995, "_step": 34, "Comparison of Experimental and Synthetic Spectra": {"_type": "image-file", "sha256": "459e36a4dba5731e73780d1f4df5115fc4f1c3962f1c27cb8c060ed667f277a0", "size": 305400, "path": "media/images/Comparison of Experimental and Synthetic Spectra_34_459e36a4dba5731e7378.png", "format": "png", "width": 6000, "height": 3000}, "_wandb": {"runtime": 117}}