{"Encoder Training Loss": 1.581565908595582e-05, "Encoder Validation Loss": 62315.767863324254, "_timestamp": 1734369053.765442, "_runtime": 526.6663019657135, "_step": 20, "Early Stopping Ecoch": 17, "Learning Rate at Final Epoch": 1e-05, "PCA of Predicted Chemical Embeddings": {"_type": "image-file", "sha256": "35dc12e66baf08d35415bba2730b47d041d0a4bdd5bb6f8918f0d59329451dc1", "size": 151269, "path": "media/images/PCA of Predicted Chemical Embeddings_20_35dc12e66baf08d35415.png", "format": "png", "width": 2400, "height": 1800}, "_wandb": {"runtime": 527}}