{"Encoder Training Loss": 7.78524853853368e-05, "Encoder Validation Loss": 0.035867340637949004, "_timestamp": 1730395176.061491, "_runtime": 56.9521689414978, "_step": 10, "PCA of Predicted Chemical Embeddings": {"_type": "image-file", "sha256": "ad59d1f159d67a05e1650640ba63c246351f91c3b2c952db7106f2a5fd975429", "size": 164816, "path": "media/images/PCA of Predicted Chemical Embeddings_10_ad59d1f159d67a05e165.png", "format": "png", "width": 1920, "height": 1440}, "_wandb": {"runtime": 56}}