{"Encoder Training Loss": 0.00019023968473317967, "Encoder Validation Loss": 0.00018130727375105851, "_timestamp": 1732045392.1242182, "_runtime": 12.89293122291565, "_step": 9, "_wandb": {"runtime": 13}}