{"Encoder Training Loss": 486.3586120605469, "_timestamp": 1729792314.1377048, "_runtime": 287.55141496658325, "_step": 13}