{"PCA of Predicted Chemical Embeddings": {"_type": "image-file", "sha256": "f3ffa2e0482935e5c16638d4cb9278a7b3919233c038a9a0eec4c05ea8d312d0", "size": 127391, "path": "media/images/PCA of Predicted Chemical Embeddings_1_f3ffa2e0482935e5c166.png", "format": "png", "width": 2400, "height": 1800}, "_timestamp": 1733779819.3548684, "_runtime": 8.941741466522217, "_step": 2, "Encoder Training Loss": 0.09396644706527392, "Encoder Validation Loss": 0.06472512384255727, "_wandb": {"runtime": 8}}