{"Encoder Training Loss": 0.013604426836676118, "Encoder Validation Loss": 0.001680164249686139, "_timestamp": 1730309758.3914828, "_runtime": 20.713329792022705, "_step": 1, "PCA of Predicted Chemical Embeddings": {"_type": "image-file", "sha256": "9546caa5bd24c4c297ab69269a8b42ca50f1e805af356cdfb378e3b86d8458a0", "size": 288245, "path": "media/images/PCA of Predicted Chemical Embeddings_1_9546caa5bd24c4c297ab.png", "format": "png", "width": 1920, "height": 1440}, "_wandb": {"runtime": 21}}