{"Random Labels MNIST Encoder Training Loss": 0.029932071657150144, "Random Labels MNIST Encoder Validation Loss": 0.029988451595634024, "_timestamp": 1732546612.5109203, "_runtime": 79.91090321540833, "_step": 99, "_wandb": {"runtime": 79}}