{"Encoder Training Loss": 9.838082017021817e-06, "Encoder Validation Loss": 1.5462897820349288e-05, "_timestamp": 1734200166.8765688, "_runtime": 3789.432792901993, "_step": 501, "PCA of Predicted Chemical Embeddings": {"_type": "image-file", "sha256": "b2d48666a64aac4dcc575238e0b7be9cddc43a05a27a64bf9468a33b2b3e7be3", "size": 226827, "path": "media/images/PCA of Predicted Chemical Embeddings_500_b2d48666a64aac4dcc57.png", "format": "png", "width": 2400, "height": 1800}, "_wandb": {"runtime": 3788}}