{"Encoder Training Loss": 1.298494535024845e-05, "Encoder Validation Loss": 1.8737207221678985e-05, "_timestamp": 1734199478.7914433, "_runtime": 3101.347667455673, "_step": 414}