{"Encoder Training Loss": 8.989680116932725e-05, "Encoder Validation Loss": 0.0007489856698919698, "_timestamp": 1733794792.0325508, "_runtime": 184.43159890174866, "_step": 42, "PCA of Predicted Chemical Embeddings": {"_type": "image-file", "sha256": "67fcd06a425992f3348968e79b7963257e6194a74f4871678346e4ab6877f0fa", "size": 387792, "path": "media/images/PCA of Predicted Chemical Embeddings_42_67fcd06a425992f33489.png", "format": "png", "width": 2400, "height": 1800}, "_wandb": {"runtime": 184}}