{"Encoder Training Loss": 9.782613809792073e-05, "Encoder Validation Loss": 0.00015788210115801873, "_timestamp": 1733418969.6735826, "_runtime": 203.5250256061554, "_step": 25, "PCA of Predicted Chemical Embeddings": {"_type": "image-file", "sha256": "c2a8f9f8ffd04e95c179ecbaf4f817848efb1c18cd22e34e4add1a59b0920573", "size": 269578, "path": "media/images/PCA of Predicted Chemical Embeddings_25_c2a8f9f8ffd04e95c179.png", "format": "png", "width": 2400, "height": 1800}, "_wandb": {"runtime": 202}}