{"Encoder Training Loss": 144.18019104003906, "_timestamp": 1730057528.0449176, "_runtime": 7.284841537475586, "_step": 0, "_wandb": {"runtime": 402}}