{"MNIST Encoder Training Loss": 8.552105785914228e-05, "MNIST Encoder Validation Loss": 0.0006822354620375207, "_timestamp": 1732257442.467462, "_runtime": 114.31366395950317, "_step": 99, "_wandb": {"runtime": 113}}