{"Generator Training Loss": 151764.8252738865, "Generator Validation Loss": 152112.94288793104, "_timestamp": 1730403378.452733, "_runtime": 82.20748209953308, "_step": 24, "Comparison of Experimental and Synthetic Spectra": {"_type": "image-file", "sha256": "7f64c02eea1683c2337901a0328e8a181971ad46580f2a9aa4f1e5859292886b", "size": 348307, "path": "media/images/Comparison of Experimental and Synthetic Spectra_24_7f64c02eea1683c23379.png", "format": "png", "width": 6000, "height": 3000}, "_wandb": {"runtime": 81}}