{"Encoder Training Loss": 2.0550032247042046e-06, "Encoder Validation Loss": 0.0006008813881834916, "_timestamp": 1733795014.7742126, "_runtime": 107.1577775478363, "_step": 16, "PCA of Predicted Chemical Embeddings": {"_type": "image-file", "sha256": "7fba32c8c7a98d7320da59ecea2a8b25685381b1e56d7570f83c9116d53f7c22", "size": 340848, "path": "media/images/PCA of Predicted Chemical Embeddings_16_7fba32c8c7a98d7320da.png", "format": "png", "width": 2400, "height": 1800}, "_wandb": {"runtime": 105}}