{"PCA of Predicted Chemical Embeddings": {"_type": "image-file", "sha256": "0e2ad69b1dd79560ae98670a26e04aa6a199867351b4a0acb4eaecd776548a0e", "size": 114349, "path": "media/images/PCA of Predicted Chemical Embeddings_1_0e2ad69b1dd79560ae98.png", "format": "png", "width": 2400, "height": 1800}, "_timestamp": 1733803405.451621, "_runtime": 4.702455997467041, "_step": 2, "Encoder Training Loss": 0.08586575931463486, "Encoder Validation Loss": 0.0412463154643774, "_wandb": {"runtime": 3}}