{"Encoder Training Loss": 4.051882712279445e-05, "Encoder Validation Loss": 0.00020268060149087263, "_timestamp": 1734418157.6717892, "_runtime": 407.1912622451782, "_step": 26, "Early Stopping Ecoch": 23, "Learning Rate at Final Epoch": 1e-05, "PCA of Predicted Chemical Embeddings": {"_type": "image-file", "sha256": "8e0046c00f887e260e9a0c41cc07d8b1bc5ddde248dd164a478c5d0cfa061c3b", "size": 401710, "path": "media/images/PCA of Predicted Chemical Embeddings_26_8e0046c00f887e260e9a.png", "format": "png", "width": 2400, "height": 1800}, "_wandb": {"runtime": 407}}