{"MNIST Encoder Training Loss": 2.6113839126624464e-05, "MNIST Encoder Validation Loss": 0.0007273360334734004, "_timestamp": 1732249845.8629665, "_runtime": 65.98204255104065, "_step": 99, "_wandb": {"runtime": 64}}