{"MNIST Encoder Training Loss": 1.0785815402973064e-05, "MNIST Encoder Validation Loss": 0.000606797631706883, "_timestamp": 1732249775.4679532, "_runtime": 67.46164011955261, "_step": 99, "_wandb": {"runtime": 66}}