{"CIFAR10 Encoder Training Loss": 8.9959277150074e-05, "CIFAR10 Encoder Validation Loss": 0.0007667437919556533, "_timestamp": 1732248600.9205074, "_runtime": 36.28839349746704, "_step": 29, "_wandb": {"runtime": 35}}