{"Encoder Training Loss": 2.7454411023604615e-06, "Encoder Validation Loss": 8.572310227791525e-06, "_timestamp": 1732034624.3106153, "_runtime": 50.999131202697754, "_step": 9, "_wandb": {"runtime": 62}}