{"PCA of Predicted Chemical Embeddings": {"_type": "image-file", "sha256": "caef78d9e7401c71d0e8b88c069d11e6683706acf3d4998c7d045b5851e5036e", "size": 294614, "path": "media/images/PCA of Predicted Chemical Embeddings_1_caef78d9e7401c71d0e8.png", "format": "png", "width": 2400, "height": 1800}, "_timestamp": 1732572174.862167, "_runtime": 60.288978815078735, "_step": 2, "Encoder Training Loss": 0.019741460611459923, "Encoder Validation Loss": 0.005298112239688635, "_wandb": {"runtime": 59}}