{"Encoder Training Loss": 3.8969554304158697e-07, "Encoder Validation Loss": 0.0007396947265819272, "_timestamp": 1734405439.1702065, "_runtime": 286.00257444381714, "_step": 32, "Early Stopping Ecoch": 29, "Learning Rate at Final Epoch": 1.0000000000000002e-06, "PCA of Predicted Chemical Embeddings": {"_type": "image-file", "sha256": "cbb18a16fedaf8e5968db9486fd0178c10c8091f18ad763f534cd4e1024656c7", "size": 688221, "path": "media/images/PCA of Predicted Chemical Embeddings_32_cbb18a16fedaf8e5968d.png", "format": "png", "width": 2400, "height": 1800}, "_wandb": {"runtime": 285}}