{"Encoder Training Loss": 1.6499852989984485e-05, "Encoder Validation Loss": 0.007962118274278335, "_timestamp": 1734422903.1562068, "_runtime": 554.8643798828125, "_step": 21, "Early Stopping Ecoch": 18, "Learning Rate at Final Epoch": 1e-08, "PCA of Predicted Chemical Embeddings": {"_type": "image-file", "sha256": "cc840240f65a1508156ac00b6edcea47ed20cccafb09fcc6aac3f0b6015bc95d", "size": 528356, "path": "media/images/PCA of Predicted Chemical Embeddings_21_cc840240f65a1508156a.png", "format": "png", "width": 2400, "height": 1800}, "_wandb": {"runtime": 555}}