{"Encoder Training Loss": 0.0001014845516316388, "_timestamp": 1730209343.0838878, "_runtime": 291.3661847114563, "_step": 19, "_wandb": {"runtime": 290}}