{"Encoder Training Loss": 0.00867258379793572, "Encoder Validation Loss": 0.0034924226620832682, "_timestamp": 1730306470.1279, "_runtime": 101.09714698791504, "_step": 12}