{"Encoder Training Loss": 22.84394254940215, "Encoder Validation Loss": 30.571874504155183, "_timestamp": 1734418371.0612617, "_runtime": 206.44794368743896, "_step": 15, "Early Stopping Ecoch": 12, "Learning Rate at Final Epoch": 0.0001, "PCA of Predicted Chemical Embeddings": {"_type": "image-file", "sha256": "561b255fb96589dee8f634d4b9ddb92c48315907cf02081b64a0deba2463e1e8", "size": 415054, "path": "media/images/PCA of Predicted Chemical Embeddings_15_561b255fb96589dee8f6.png", "format": "png", "width": 2400, "height": 1800}, "_wandb": {"runtime": 206}}