{"Generator Training Loss": 163134.60920721476, "Generator Validation Loss": 164368.56575520834, "_timestamp": 1730751466.7999926, "_runtime": 55.55454349517822, "_step": 34, "Comparison of Experimental and Synthetic Spectra": {"_type": "image-file", "sha256": "89997ffb2fd1337b6c5a78bfb733da4aad9625fcf748f6c724e328f6389132cf", "size": 335397, "path": "media/images/Comparison of Experimental and Synthetic Spectra_34_89997ffb2fd1337b6c5a.png", "format": "png", "width": 6000, "height": 3000}, "_wandb": {"runtime": 54}}