{"Encoder Training Loss": 0.00019087480380948076, "Encoder Validation Loss": 0.00018530211224484009, "_timestamp": 1733781084.3913915, "_runtime": 243.57225060462952, "_step": 18, "_wandb": {"runtime": 246}}