{"Encoder Training Loss": 1.381090503150806e-06, "Encoder Validation Loss": 2.5962227900640952e-05, "_timestamp": 1733778919.317665, "_runtime": 139.82788920402527, "_step": 16, "PCA of Predicted Chemical Embeddings": {"_type": "image-file", "sha256": "c566e5c857748656a1bdf1a05eb65209c9e75cc6ad31c428abe079cd89ca1de3", "size": 130512, "path": "media/images/PCA of Predicted Chemical Embeddings_16_c566e5c857748656a1bd.png", "format": "png", "width": 2400, "height": 1800}, "_wandb": {"runtime": 139}}