{"MNIST Encoder Training Loss": 0.0001407703096218342, "MNIST Encoder Validation Loss": 0.0008637139933368114, "_timestamp": 1732254877.1724687, "_runtime": 147.11297869682312, "_step": 199, "_wandb": {"runtime": 146}}