{"PCA of Predicted Chemical Embeddings": {"_type": "image-file", "sha256": "e71e0c06b3a6bb3d32226168fc89de481156c449a1491a21933b42e2a3cdc3ab", "size": 131396, "path": "media/images/PCA of Predicted Chemical Embeddings_1_e71e0c06b3a6bb3d3222.png", "format": "png", "width": 2400, "height": 1800}, "_timestamp": 1733779302.3641589, "_runtime": 9.0762939453125, "_step": 2, "Encoder Training Loss": 0.10088886221249899, "Encoder Validation Loss": 0.06755224391818046, "_wandb": {"runtime": 8}}