{"Encoder Training Loss": 0.00010029572352486936, "_timestamp": 1730305255.9981384, "_runtime": 49.974446535110474, "_step": 20, "Encoder Validation Loss": 6.271043680342324e-05, "PCA of Predicted Chemical Embeddings": {"_type": "image-file", "sha256": "bb9c6d829a4abb43317447cc769c7930070fae308364a8b48090ab5c426318e2", "size": 214210, "path": "media/images/PCA of Predicted Chemical Embeddings_20_bb9c6d829a4abb433174.png", "format": "png", "width": 1920, "height": 1440}, "_wandb": {"runtime": 50}}