{"OneHottoIMSGenerator Training Loss": 121156.93899756436, "OneHottoIMSGenerator Validation Loss": 124211.09668811341, "_timestamp": 1739892450.0683959, "_runtime": 2730.7531609535217, "_step": 101, "Early Stopping Ecoch": 96, "Learning Rate at Final Epoch": 1.0000000000000004e-08, "Comparison of Real and Synthetic CARLs": {"_type": "image-file", "sha256": "34e6e2dc6df8c39398a929f10de7957bc104dd9c5c71ddfb72530202e4d305eb", "size": 271864, "path": "media/images/Comparison of Real and Synthetic CARLs_101_34e6e2dc6df8c39398a9.png", "format": "png", "width": 4200, "height": 2400}}