{"IMStoOneHotEncoder Training Loss": 4.71748180287287e-06, "IMStoOneHotEncoder Validation Loss": 1.7915769379170884e-05, "_timestamp": 1739902095.723, "_runtime": 5883.202547073364, "_step": 80, "Early Stopping Ecoch": 78, "Learning Rate at Final Epoch": 1.0000000000000004e-08, "PCA of Predicted Chemical Embeddings": {"_type": "image-file", "sha256": "4c878ede60b29a646aa6aff1e092629e1837f60ea0d7a50c68309b804b310829", "size": 146885, "path": "media/images/PCA of Predicted Chemical Embeddings_80_4c878ede60b29a646aa6.png", "format": "png", "width": 2400, "height": 1800}, "_wandb": {"runtime": 5882}}