{"IMStoOneHotEncoder Training Loss": 0.00023803861748917428, "IMStoOneHotEncoder Validation Loss": 0.00017987835290005528, "_timestamp": 1739897361.3009415, "_runtime": 1148.7804884910583, "_step": 14}