{"MNIST Encoder Training Loss": 4.992091969232367e-05, "MNIST Encoder Validation Loss": 0.0007184302715874462, "_timestamp": 1732251998.3141792, "_runtime": 126.22490811347961, "_step": 99, "_wandb": {"runtime": 125}}