{"Encoder Training Loss": 0.03136258511991379, "Encoder Validation Loss": 0.013969859341159463, "_timestamp": 1730308012.284398, "_runtime": 47.06416296958923, "_step": 10, "PCA of Predicted Chemical Embeddings": {"_type": "image-file", "sha256": "305e8dfe295fa7046dbd3009d3faed7299f123f987d345372d9049943a3f427c", "size": 223800, "path": "media/images/PCA of Predicted Chemical Embeddings_10_305e8dfe295fa7046dbd.png", "format": "png", "width": 1920, "height": 1440}, "_wandb": {"runtime": 47}}