{"Encoder Training Loss": 8.581113743077351e-06, "Encoder Validation Loss": 1.0978797005060218e-05, "_timestamp": 1731862901.3941524, "_runtime": 415.06390833854675, "_step": 99, "_wandb": {"runtime": 426}}