{"MNIST Encoder Training Loss": 0.0010177617028802074, "MNIST Encoder Validation Loss": 0.04316395984974918, "_timestamp": 1732548390.9964075, "_runtime": 74.54371356964111, "_step": 99, "_wandb": {"runtime": 73}}