{"Encoder Training Loss": 0.00025655697288341924, "Encoder Validation Loss": 0.00016704994092224486, "_timestamp": 1733429280.8307252, "_runtime": 103.2884111404419, "_step": 11, "PCA of Predicted Chemical Embeddings": {"_type": "image-file", "sha256": "5583ce3f8c5582d8da158c7df5f722c29f3e40d0a5cc17de0d4a464d6691a654", "size": 198620, "path": "media/images/PCA of Predicted Chemical Embeddings_10_5583ce3f8c5582d8da15.png", "format": "png", "width": 2400, "height": 1800}, "_wandb": {"runtime": 102}}