{"Encoder Training Loss": 6.951831606007675e-05, "Encoder Validation Loss": 5.930473499292616e-05, "_timestamp": 1730313022.0457346, "_runtime": 58.22408962249756, "_step": 10, "PCA of Predicted Chemical Embeddings": {"_type": "image-file", "sha256": "7f5a0ab0d1ace895558952626189d2a6e36f1d3b3ae40b5c9e988bc70d496b18", "size": 183911, "path": "media/images/PCA of Predicted Chemical Embeddings_10_7f5a0ab0d1ace8955589.png", "format": "png", "width": 1920, "height": 1440}, "_wandb": {"runtime": 58}}