{"Encoder Training Loss": 0.013362382855608191, "Encoder Validation Loss": 0.013217893551211113, "_timestamp": 1733800843.0586882, "_runtime": 133.57739925384521, "_step": 37, "_wandb": {"runtime": 135}}