{"Encoder Training Loss": 5.277764614769375e-06, "Encoder Validation Loss": 0.0006630200546862023, "_timestamp": 1733796394.844754, "_runtime": 174.59052300453186, "_step": 167, "PCA of Predicted Chemical Embeddings": {"_type": "image-file", "sha256": "267e23798a3d0711c84b922aebe840314a26ffce9cf12ec5f22f91d94edcd477", "size": 456175, "path": "media/images/PCA of Predicted Chemical Embeddings_167_267e23798a3d0711c84b.png", "format": "png", "width": 2400, "height": 1800}, "_wandb": {"runtime": 174}}