{"MNIST Encoder Training Loss": 1.96105568742773e-06, "MNIST Encoder Validation Loss": 0.0006091888643561561, "_timestamp": 1732252195.6137762, "_runtime": 151.78240823745728, "_step": 199, "_wandb": {"runtime": 151}}