{"Encoder Training Loss": 1.1495087468059098e-05, "Encoder Validation Loss": 9.35902148338018e-06, "_timestamp": 1731941762.7199664, "_runtime": 478.61910033226013, "_step": 99, "_wandb": {"runtime": 489}}