{"Encoder Training Loss": 3.505364350763958e-06, "Encoder Validation Loss": 1.0277047585046163e-05, "_timestamp": 1734196199.3667889, "_runtime": 7567.002328872681, "_step": 501, "PCA of Predicted Chemical Embeddings": {"_type": "image-file", "sha256": "6cffa6a7d646b319c587bf27104aefb3aa2b13424df50d96e708256d4a06eccc", "size": 241700, "path": "media/images/PCA of Predicted Chemical Embeddings_500_6cffa6a7d646b319c587.png", "format": "png", "width": 2400, "height": 1800}, "_wandb": {"runtime": 7566}}