{"Encoder Training Loss": 0.0001621033061385239, "Encoder Validation Loss": 0.0001671414186501289, "_timestamp": 1734189231.4019063, "_runtime": 599.0374462604523, "_step": 39}