{"Generator Training Loss": 124519.19533833944, "Generator Validation Loss": 129901.16697786345, "_timestamp": 1735864441.9930127, "_runtime": 503.6234257221222, "_step": 40, "Early Stopping Ecoch": 26, "Learning Rate at Final Epoch": 0.0001}