{"Encoder Training Loss": 0.004791329579083278, "Encoder Validation Loss": 0.0014897039180705805, "_timestamp": 1732559702.0171936, "_runtime": 5.996518611907959, "_step": 0, "_wandb": {"runtime": 16}}