{"Encoder Training Loss": 5.295068802356318e-06, "Encoder Validation Loss": 1.0773774950125463e-05, "_timestamp": 1734188514.1720028, "_runtime": 1341.8760209083557, "_step": 90, "Early Stopping Ecoch": 90}