{"Encoder Training Loss": 5.295068802356318e-06, "Encoder Validation Loss": 1.0773774950125463e-05, "_timestamp": 1734188624.8356178, "_runtime": 1452.5396358966827, "_step": 92, "Early Stopping Ecoch": 90, "PCA of Predicted Chemical Embeddings": {"_type": "image-file", "sha256": "b568bbe776b069d1450a99302767df2d21695231e2c093287e767e160c231d9e", "size": 222507, "path": "media/images/PCA of Predicted Chemical Embeddings_92_b568bbe776b069d1450a.png", "format": "png", "width": 2400, "height": 1800}, "_wandb": {"runtime": 1453}}