{"Encoder Training Loss": 7.964891635460668e-08, "Encoder Validation Loss": 0.0036632859581040497, "_timestamp": 1734404613.465969, "_runtime": 1546.0413961410522, "_step": 45, "_wandb": {"runtime": 1606}}