{"Encoder Training Loss": 1.1974761193648035e-05, "Encoder Validation Loss": 9.151151488140385e-06, "_timestamp": 1730869838.240509, "_runtime": 458.0549819469452, "_step": 100, "PCA of Predicted Chemical Embeddings": {"_type": "image-file", "sha256": "ff952f9d1b3fd787d4f24d519e70f2dd8f032ce058df1b7d604f219120768955", "size": 119220, "path": "media/images/PCA of Predicted Chemical Embeddings_100_ff952f9d1b3fd787d4f2.png", "format": "png", "width": 1920, "height": 1440}, "_wandb": {"runtime": 458}}