{"Encoder Training Loss": "1.11e+04", "Encoder Validation Loss": "6.35e-01", "_timestamp": 1734201722.1421154, "_runtime": 278.8821544647217, "_step": 4, "_wandb": {"runtime": 317}}