{"Encoder Training Loss": 0.0011872908804045565, "Encoder Validation Loss": 0.0014535431658181466, "_timestamp": 1733797685.834967, "_runtime": 27.323405981063843, "_step": 16, "PCA of Predicted Chemical Embeddings": {"_type": "image-file", "sha256": "a99d4ed7fca6990cfc7c79831990210d04b24d4684ba765ee065e59a535ba112", "size": 630777, "path": "media/images/PCA of Predicted Chemical Embeddings_16_a99d4ed7fca6990cfc7c.png", "format": "png", "width": 2400, "height": 1800}, "_wandb": {"runtime": 26}}