{"Encoder Training Loss": 2.3038876128828282e-05, "Encoder Validation Loss": 2.4257484934141445e-05, "_timestamp": 1730999963.1926208, "_runtime": 143.29570770263672, "_step": 30, "PCA of Predicted Chemical Embeddings": {"_type": "image-file", "sha256": "84ae1aebf2160358f500ad78be961c1453267b925c9244f9ab10f9226364f0dd", "size": 131655, "path": "media/images/PCA of Predicted Chemical Embeddings_30_84ae1aebf2160358f500.png", "format": "png", "width": 1920, "height": 1440}, "_wandb": {"runtime": 143}}