{"CIFAR10 Encoder Training Loss": 7.568436477079804e-05, "CIFAR10 Encoder Validation Loss": 0.0010484034596714659, "_timestamp": 1732248910.36191, "_runtime": 33.038514137268066, "_step": 29, "_wandb": {"runtime": 32}}