{"Encoder Training Loss": 0.011731750386514188, "_timestamp": 1730302810.8107336, "_runtime": 4.346808671951294, "_step": 1, "Encoder Validation Loss": 0.0015515708274224066, "_wandb": {"runtime": 55}}