{"Encoder Training Loss": 0.00020124051949329584, "Encoder Validation Loss": 0.0004269840804321073, "_timestamp": 1732045996.3580046, "_runtime": 12.434603452682495, "_step": 9, "_wandb": {"runtime": 14}}