{"Encoder Training Loss": 7.883168568954006e-06, "Encoder Validation Loss": 1.4197916090823207e-05, "_timestamp": 1730318896.6627364, "_runtime": 993.854344367981, "_step": 133, "_wandb": {"runtime": 994}}