{"Encoder Training Loss": 4.187056487453893e-06, "_timestamp": 1730220134.5431597, "_runtime": 1050.4894416332245, "_step": 19, "_wandb": {"runtime": 1049}}