{"Encoder Training Loss": 0.02253163672878382, "Encoder Validation Loss": 0.019086162840690594, "_timestamp": 1730307690.1044602, "_runtime": 45.67234921455383, "_step": 10, "PCA of Predicted Chemical Embeddings": {"_type": "image-file", "sha256": "511d96c4a32d08ff47d688900118eb95585b866e16884504f13d0d7a8b578625", "size": 207342, "path": "media/images/PCA of Predicted Chemical Embeddings_10_511d96c4a32d08ff47d6.png", "format": "png", "width": 1920, "height": 1440}, "_wandb": {"runtime": 46}}