{"Encoder Training Loss": 3913792371.430466, "Encoder Validation Loss": 131.56525815201792, "_timestamp": 1738654229.6983106, "_runtime": 370.31472849845886, "_step": 14, "Early Stopping Ecoch": 12, "Learning Rate at Final Epoch": 0.0001, "PCA of Predicted Chemical Embeddings": {"_type": "image-file", "sha256": "24374f45db2109d312d6fd3db88caf58af05a2e98747f0fa99ee759e756237b4", "size": 253118, "path": "media/images/PCA of Predicted Chemical Embeddings_14_24374f45db2109d312d6.png", "format": "png", "width": 2400, "height": 1800}, "_wandb": {"runtime": 370}}