{"Generator Training Loss": 452750.0419561572, "Generator Validation Loss": 453804.3597790948, "_timestamp": 1730755599.0034878, "_runtime": 138.41944193840027, "_step": 34, "Comparison of Experimental and Synthetic Spectra": {"_type": "image-file", "sha256": "0f2163514c3bea6d073a81e6d0800850e8d891cd53bc09ed507d1b6bf61b47df", "size": 299003, "path": "media/images/Comparison of Experimental and Synthetic Spectra_34_0f2163514c3bea6d073a.png", "format": "png", "width": 6000, "height": 3000}, "_wandb": {"runtime": 137}}