{"Encoder Training Loss": 2.799588999291175e-05, "_timestamp": 1730227416.697723, "_runtime": 86.51958990097046, "_step": 19, "_wandb": {"runtime": 86}}