{"Encoder Training Loss": 0.031624074509463106, "Encoder Validation Loss": 0.029886444672843477, "_timestamp": 1732565542.885585, "_runtime": 1.3927841186523438, "_step": 0, "_wandb": {"runtime": 1}}