{"Encoder Training Loss": 2.649492396176356e-07, "Encoder Validation Loss": 0.0033314710260017263, "_timestamp": 1734408084.5378609, "_runtime": 253.36045098304749, "_step": 23, "Early Stopping Ecoch": 20, "Learning Rate at Final Epoch": 1.0000000000000002e-06, "PCA of Predicted Chemical Embeddings": {"_type": "image-file", "sha256": "14afa8390637bb6d506fc37cec4e380ea25c0570704ee71f846eac187375a011", "size": 404392, "path": "media/images/PCA of Predicted Chemical Embeddings_23_14afa8390637bb6d506f.png", "format": "png", "width": 2400, "height": 1800}, "_wandb": {"runtime": 252}}