{"MNIST Encoder Training Loss": 1.940417145670265e-07, "MNIST Encoder Validation Loss": 0.0007297718707603924, "_timestamp": 1732256049.4718878, "_runtime": 65.36033177375793, "_step": 49, "_wandb": {"runtime": 64}}