{"Encoder Training Loss": 3.155536939984602e-05, "Encoder Validation Loss": 5.196942284672544e-05, "_timestamp": 1733778775.3066592, "_runtime": 139.75872921943665, "_step": 16, "PCA of Predicted Chemical Embeddings": {"_type": "image-file", "sha256": "13a7dcf8eeda38cb6b973e68ea820f885213d7ec3a1973ff7870a1da84ccbbd0", "size": 160537, "path": "media/images/PCA of Predicted Chemical Embeddings_16_13a7dcf8eeda38cb6b97.png", "format": "png", "width": 2400, "height": 1800}, "_wandb": {"runtime": 139}}