{"Encoder Training Loss": 1.050106736747031e-05, "Encoder Validation Loss": 1.0991448268453433e-05, "_timestamp": 1730315814.1143076, "_runtime": 433.1958997249603, "_step": 100, "PCA of Predicted Chemical Embeddings": {"_type": "image-file", "sha256": "359cce177ac8e5d797db5aa51a9eb333afa8953b8d6fa6b2e624e27668159a89", "size": 114428, "path": "media/images/PCA of Predicted Chemical Embeddings_100_359cce177ac8e5d797db.png", "format": "png", "width": 1920, "height": 1440}, "_wandb": {"runtime": 434}}