{"Encoder Training Loss": 2.502926527180116e-07, "Encoder Validation Loss": 0.0005899855072708593, "_timestamp": 1732572788.202156, "_runtime": 267.7989981174469, "_step": 61, "PCA of Predicted Chemical Embeddings": {"_type": "image-file", "sha256": "03466749ff909f22e2fd9a0d88746534b0e9f575e66722d4f9991e968ecaecab", "size": 358609, "path": "media/images/PCA of Predicted Chemical Embeddings_61_03466749ff909f22e2fd.png", "format": "png", "width": 2400, "height": 1800}, "_wandb": {"runtime": 266}}