{"CIFAR10 Encoder Training Loss": 0.028015964540926724, "CIFAR10 Encoder Validation Loss": 0.026007091750840688, "_timestamp": 1732245745.5681825, "_runtime": 34.40885353088379, "_step": 0, "_wandb": {"runtime": 61}}