{"Generator Training Loss": 124711.34139913751, "Generator Validation Loss": 125070.7999057112, "_timestamp": 1730402852.2948456, "_runtime": 243.76947665214539, "_step": 54}