{"Generator Training Loss": 124933.51883310374, "Generator Validation Loss": 124939.64581088362, "_timestamp": 1730402953.0340338, "_runtime": 344.5086648464203, "_step": 77, "_wandb": {"runtime": 365}}