{"Encoder Training Loss": 0.021219647671916732, "Encoder Validation Loss": 0.03580625682812313, "_timestamp": 1730308099.3626611, "_runtime": 46.8497371673584, "_step": 10, "PCA of Predicted Chemical Embeddings": {"_type": "image-file", "sha256": "45e9ce91c5043dc045bc658ba7cee67b3b009571a8ebb77184db47640d2ea5ed", "size": 197806, "path": "media/images/PCA of Predicted Chemical Embeddings_10_45e9ce91c5043dc045bc.png", "format": "png", "width": 1920, "height": 1440}, "_wandb": {"runtime": 47}}