{"MNIST Encoder Training Loss": 1.7694317549649964e-07, "MNIST Encoder Validation Loss": 0.0006282957273900062, "_timestamp": 1732257245.6954112, "_runtime": 76.99590611457825, "_step": 99, "_wandb": {"runtime": 76}}