{"Encoder Training Loss": 1.0802883773335249e-06, "Encoder Validation Loss": 0.0006293095026867814, "_timestamp": 1732572883.6409433, "_runtime": 20.285378217697144, "_step": 16, "PCA of Predicted Chemical Embeddings": {"_type": "image-file", "sha256": "025bc9750da9500263d71a90f318bb107ead74b60b9c78e5973f759be230e04e", "size": 297903, "path": "media/images/PCA of Predicted Chemical Embeddings_16_025bc9750da9500263d7.png", "format": "png", "width": 2400, "height": 1800}, "_wandb": {"runtime": 18}}