{"MNIST Encoder Training Loss": 6.632114452875594e-06, "MNIST Encoder Validation Loss": 0.0006418041863105373, "_timestamp": 1732252682.4508226, "_runtime": 153.95653462409973, "_step": 199, "_wandb": {"runtime": 153}}