{"CIFAR10 Encoder Training Loss": 3.756268436102376e-05, "CIFAR10 Encoder Validation Loss": 0.0006133689545769423, "_timestamp": 1732249026.1550403, "_runtime": 108.03939318656921, "_step": 99, "_wandb": {"runtime": 107}}