{"Encoder Training Loss": 13.532330271293377, "_timestamp": 1730058394.8324592, "_runtime": 25.60302710533142, "_step": 1, "_wandb": {"runtime": 22}}