{"Encoder Training Loss": 3.1133207134409676e-05, "Encoder Validation Loss": 0.007820199368476572, "_timestamp": 1734423586.540544, "_runtime": 342.1911201477051, "_step": 21, "Early Stopping Ecoch": 18, "Learning Rate at Final Epoch": 1e-08, "PCA of Predicted Chemical Embeddings": {"_type": "image-file", "sha256": "477d786c09578d8858f43387d6516a05e35dd7c588f759ec323e033a81f7e0c9", "size": 575945, "path": "media/images/PCA of Predicted Chemical Embeddings_21_477d786c09578d8858f4.png", "format": "png", "width": 2400, "height": 1800}, "_wandb": {"runtime": 342}}