{"MNIST Encoder Training Loss": 8.090433544632425e-05, "MNIST Encoder Validation Loss": 0.000828016409589812, "_timestamp": 1732256817.5761688, "_runtime": 60.213634729385376, "_step": 99, "_wandb": {"runtime": 59}}