{"Encoder Training Loss": 2.0921125605954293e-05, "Encoder Validation Loss": 2.328471590975949e-05, "_timestamp": 1730865078.6531665, "_runtime": 123.20321559906006, "_step": 28, "_wandb": {"runtime": 123}}