{"Encoder Training Loss": 3971.378953285852, "Encoder Validation Loss": 10958.132260076722, "_timestamp": 1738650275.6153626, "_runtime": 3073.0074887275696, "_step": 34, "Early Stopping Ecoch": 32, "Learning Rate at Final Epoch": 1e-05, "PCA of Predicted Chemical Embeddings": {"_type": "image-file", "sha256": "6fb7a8b06758b125635a9619a092a7f4dd78b94ab231668af0bf12f253257282", "size": 118220, "path": "media/images/PCA of Predicted Chemical Embeddings_34_6fb7a8b06758b125635a.png", "format": "png", "width": 2400, "height": 1800}, "_wandb": {"runtime": 3073}}