{"Encoder Training Loss": 2.5440386932137034e-05, "Encoder Validation Loss": 2.1862094135077973e-05, "_timestamp": 1731609253.5634837, "_runtime": 123.82395267486572, "_step": 29, "_wandb": {"runtime": 134}}