{"Encoder Training Loss": 7.065547015064654e-05, "_timestamp": 1730218951.3575964, "_runtime": 1052.1895372867584, "_step": 19, "_wandb": {"runtime": 1050}}