{"Encoder Training Loss": 2.3225307006506287e-07, "Encoder Validation Loss": 5.680882150885151e-06, "_timestamp": 1732044576.9220455, "_runtime": 249.05803155899048, "_step": 49, "_wandb": {"runtime": 260}}