{"MNIST Encoder Training Loss": 0.026102398490508584, "MNIST Encoder Validation Loss": 0.02573045218286666, "_timestamp": 1732250130.118375, "_runtime": 112.13140296936035, "_step": 99, "_wandb": {"runtime": 111}}