{"Encoder Training Loss": 1.4615967080513927e-06, "Encoder Validation Loss": 2.3828684170876724e-05, "_timestamp": 1733778631.096129, "_runtime": 564.7204949855804, "_step": 43, "PCA of Predicted Chemical Embeddings": {"_type": "image-file", "sha256": "2d18b82f9bf573bc0f1edeac55a45e6f707d794d5e681f89524db76eaca811dd", "size": 134241, "path": "media/images/PCA of Predicted Chemical Embeddings_43_2d18b82f9bf573bc0f1e.png", "format": "png", "width": 2400, "height": 1800}, "_wandb": {"runtime": 564}}