{"Encoder Training Loss": 0.012399423940307273, "_timestamp": 1730304553.48651, "_runtime": 20.390394926071167, "_step": 2, "Encoder Validation Loss": 0.0015750125207103275, "PCA of Predicted Chemical Embeddings": {"_type": "image-file", "sha256": "72a91d1f8a31a5a6038189c6cf00b1ee16e619b50a985ada43393e747969b707", "size": 300082, "path": "media/images/PCA of Predicted Chemical Embeddings_2_72a91d1f8a31a5a60381.png", "format": "png", "width": 1920, "height": 1440}, "_wandb": {"runtime": 21}}