{"Encoder Training Loss": 2.568059887180486e-05, "Encoder Validation Loss": 1.7767978145708057e-05, "_timestamp": 1730923710.0216155, "_runtime": 141.8434934616089, "_step": 30, "PCA of Predicted Chemical Embeddings": {"_type": "image-file", "sha256": "bf8086bb2d1d38ba096dd8205468d606a0bdff2ecde5b876994cc5019a9e4839", "size": 135878, "path": "media/images/PCA of Predicted Chemical Embeddings_30_bf8086bb2d1d38ba096d.png", "format": "png", "width": 1920, "height": 1440}, "_wandb": {"runtime": 142}}