{"Generator Training Loss": 127902.5804516735, "Generator Validation Loss": 129765.05030939927, "_timestamp": 1735863857.0868816, "_runtime": 82.43671369552612, "_step": 4, "_wandb": {"runtime": 81}}