{"Encoder Training Loss": 3.58822923992116e-05, "Encoder Validation Loss": 0.0006946465212896869, "_timestamp": 1732569366.2142887, "_runtime": 115.90009379386902, "_step": 88, "PCA of Predicted Chemical Embeddings": {"_type": "image-file", "sha256": "469506d585c336dc62332b5704f3d360ef4f4bd491b3cdb9558debfd345b72ff", "size": 288778, "path": "media/images/PCA of Predicted Chemical Embeddings_88_469506d585c336dc6233.png", "format": "png", "width": 2400, "height": 1800}, "_wandb": {"runtime": 115}}