{"Encoder Training Loss": 2.5199455548360813e-06, "Encoder Validation Loss": 2.3985414307347363e-05, "_timestamp": 1732044034.123561, "_runtime": 539.1877570152283, "_step": 109, "_wandb": {"runtime": 549}}