{"Encoder Training Loss": 5.835325853356446e-05, "Encoder Validation Loss": 3.591930091636382e-05, "_timestamp": 1733778060.695755, "_runtime": 986.5853009223938, "_step": 76, "PCA of Predicted Chemical Embeddings": {"_type": "image-file", "sha256": "a85c967369c6a3b8335fabb47d11921cf66c2fff3caf7c101d8f21ead2a7aa33", "size": 157449, "path": "media/images/PCA of Predicted Chemical Embeddings_76_a85c967369c6a3b8335f.png", "format": "png", "width": 2400, "height": 1800}, "_wandb": {"runtime": 986}}