{"Encoder Training Loss": 6.041346767165973e+16, "Encoder Validation Loss": 112410528.02933563, "_timestamp": 1734417744.2623396, "_runtime": 285.93961453437805, "_step": 17, "Early Stopping Ecoch": 14, "Learning Rate at Final Epoch": 0.0001, "PCA of Predicted Chemical Embeddings": {"_type": "image-file", "sha256": "506ac1e7eee17bc540407a49bf5827e6d83839b9ea94641fcad24c53057de214", "size": 372827, "path": "media/images/PCA of Predicted Chemical Embeddings_17_506ac1e7eee17bc54040.png", "format": "png", "width": 2400, "height": 1800}, "_wandb": {"runtime": 285}}