{"Encoder Training Loss": 0.0067555878858497455, "_timestamp": 1730228000.3100414, "_runtime": 9.047653436660767, "_step": 0, "_wandb": {"runtime": 49}}