{"Encoder Training Loss": 1.3990768242034722e-05, "Encoder Validation Loss": 0.0007991035861323326, "_timestamp": 1732220792.0072987, "_runtime": 24.831479787826538, "_step": 49, "_wandb": {"runtime": 25}}