{"Generator Training Loss": 869417.3844909405, "Generator Validation Loss": 863045.4924908326, "memory_used": 34681352192, "memory_percent": 18.0, "_timestamp": 1739850682.939903, "_runtime": 352.22938203811646, "_step": 7, "_wandb": {"runtime": 368}}