{"Encoder Training Loss": 0.0005822584315630718, "Encoder Validation Loss": 0.002247752541440195, "_timestamp": 1738638308.9650483, "_runtime": 161.42836141586304, "_step": 3, "PCA of Predicted Chemical Embeddings": {"_type": "image-file", "sha256": "1dd53bb64f51527599a382daabb8d9d9506633a82c52ea58c3806edc33140cca", "size": 459697, "path": "media/images/PCA of Predicted Chemical Embeddings_2_1dd53bb64f51527599a3.png", "format": "png", "width": 2400, "height": 1800}, "_wandb": {"runtime": 160}}