{"Encoder Training Loss": 0.0016022256610670142, "Encoder Validation Loss": 0.000772060553446926, "_timestamp": 1732564344.0307655, "_runtime": 8.228749513626099, "_step": 0, "_wandb": {"runtime": 7}}