{"Encoder Training Loss": 2.7270693814346685e-08, "Encoder Validation Loss": 0.0017228915117401089, "_timestamp": 1734406282.2760017, "_runtime": 245.12773370742798, "_step": 30, "Early Stopping Ecoch": 27, "Learning Rate at Final Epoch": 1.0000000000000002e-07, "PCA of Predicted Chemical Embeddings": {"_type": "image-file", "sha256": "cd98298bf28535f10fdd94099f288bb5db5eac947149adba37eea3dae201a7fd", "size": 267288, "path": "media/images/PCA of Predicted Chemical Embeddings_30_cd98298bf28535f10fdd.png", "format": "png", "width": 2400, "height": 1800}, "_wandb": {"runtime": 244}}