{"MNIST Encoder Training Loss": 3.523972666142126e-05, "MNIST Encoder Validation Loss": 0.04210387276399215, "_timestamp": 1732549181.8034892, "_runtime": 75.7170832157135, "_step": 99, "_wandb": {"runtime": 75}}