{"Generator Training Loss": 203894.3512068759, "Generator Validation Loss": 203519.57664331896, "_timestamp": 1730753182.461636, "_runtime": 118.84145617485046, "_step": 34, "Comparison of Experimental and Synthetic Spectra": {"_type": "image-file", "sha256": "e095e968767ed39364dc9fd78a1e280d2f1fef550aaf4988141c851b37305696", "size": 357004, "path": "media/images/Comparison of Experimental and Synthetic Spectra_34_e095e968767ed39364dc.png", "format": "png", "width": 6000, "height": 3000}, "_wandb": {"runtime": 117}}