{"Generator Training Loss": 125516.6354455325, "Generator Validation Loss": 124947.34373316272, "_timestamp": 1730405522.4056041, "_runtime": 457.29494309425354, "_step": 34, "Comparison of Experimental and Synthetic Spectra": {"_type": "image-file", "sha256": "9ebae4773d7d127758315f5d899d0be70ca2f04c014bcd5ab8fcf8a67c3f1650", "size": 356000, "path": "media/images/Comparison of Experimental and Synthetic Spectra_34_9ebae4773d7d12775831.png", "format": "png", "width": 6000, "height": 3000}, "_wandb": {"runtime": 456}}