{"Encoder Training Loss": 6.689221666567787e-05, "Encoder Validation Loss": 4.124605512233443e-05, "_timestamp": 1730315346.755341, "_runtime": 57.925188064575195, "_step": 10, "PCA of Predicted Chemical Embeddings": {"_type": "image-file", "sha256": "f87a34255c5fcaa22bf2438542f9dc54dd365ac4b3787a94564532cbc0df2f10", "size": 179401, "path": "media/images/PCA of Predicted Chemical Embeddings_10_f87a34255c5fcaa22bf2.png", "format": "png", "width": 1920, "height": 1440}, "_wandb": {"runtime": 58}}