{"MNIST Encoder Training Loss": 7.014812529763876e-06, "MNIST Encoder Validation Loss": 0.0006350535210071939, "_timestamp": 1732251052.9239218, "_runtime": 127.1279947757721, "_step": 99, "_wandb": {"runtime": 126}}