{"MNIST Encoder Training Loss": 4.926219004032094e-07, "MNIST Encoder Validation Loss": 0.0006943483085706248, "_timestamp": 1732256630.3276024, "_runtime": 291.7735733985901, "_step": 499, "_wandb": {"runtime": 290}}