{"Generator Training Loss": 201669.87910277912, "Generator Validation Loss": 201653.1790140086, "_timestamp": 1730753058.6011007, "_runtime": 115.34637761116028, "_step": 34, "Comparison of Experimental and Synthetic Spectra": {"_type": "image-file", "sha256": "396d1c1207b3a542e21cb5f3aab06e1d4ada699bcc41e294278705a225499d94", "size": 339626, "path": "media/images/Comparison of Experimental and Synthetic Spectra_34_396d1c1207b3a542e21c.png", "format": "png", "width": 6000, "height": 3000}, "_wandb": {"runtime": 114}}