{"PCA of Predicted Chemical Embeddings": {"_type": "image-file", "sha256": "f9a4ae8017fadb06480fde54387c828d27cdfddb2e69aaceba5a44130358c11e", "size": 594041, "path": "media/images/PCA of Predicted Chemical Embeddings_1_f9a4ae8017fadb06480f.png", "format": "png", "width": 2400, "height": 1800}, "_timestamp": 1732566983.2571483, "_runtime": 8.27441930770874, "_step": 2, "Encoder Training Loss": 0.00956203467845855, "Encoder Validation Loss": 0.0030032724191416177, "_wandb": {"runtime": 8}}