{"PCA of Predicted Chemical Embeddings": {"_type": "image-file", "sha256": "0638bbce62a9e37c335b2915793d70a4aff4398b7fd0af8451c912d3d2cb3208", "size": 276386, "path": "media/images/PCA of Predicted Chemical Embeddings_1_0638bbce62a9e37c335b.png", "format": "png", "width": 2400, "height": 1800}, "_timestamp": 1732568139.1556332, "_runtime": 58.33510231971741, "_step": 2, "Encoder Training Loss": 0.0020383387381886376, "Encoder Validation Loss": 0.0003051665667514718, "_wandb": {"runtime": 57}}