{"Encoder Training Loss": 5.84719539390692e-05, "Encoder Validation Loss": 7.969107640558926e-05, "_timestamp": 1730305391.7119403, "_runtime": 47.55146932601929, "_step": 10, "PCA of Predicted Chemical Embeddings": {"_type": "image-file", "sha256": "eddb27e036004f7e01b771f097e56653666d07a3071d9f2c720876fcf032358e", "size": 163304, "path": "media/images/PCA of Predicted Chemical Embeddings_10_eddb27e036004f7e01b7.png", "format": "png", "width": 1920, "height": 1440}, "_wandb": {"runtime": 48}}