{"Encoder Training Loss": 0.015382899713641839, "Encoder Validation Loss": 0.01656414341213631, "_timestamp": 1730306797.629476, "_runtime": 45.274441957473755, "_step": 10, "PCA of Predicted Chemical Embeddings": {"_type": "image-file", "sha256": "a5ef52b869b55206d4a9ad1ce3df40ed0ef448aad6765fd7180692365e2af64c", "size": 171894, "path": "media/images/PCA of Predicted Chemical Embeddings_10_a5ef52b869b55206d4a9.png", "format": "png", "width": 1920, "height": 1440}, "_wandb": {"runtime": 45}}