{"Encoder Training Loss": 6.769776173644502e-05, "Encoder Validation Loss": 4.1849245554924984e-05, "_timestamp": 1733776824.6813738, "_runtime": 449.6857419013977, "_step": 58, "PCA of Predicted Chemical Embeddings": {"_type": "image-file", "sha256": "fd63c685000a35b8b335bf9f18cd3ebe9e594d592e409ecc05418e9684f659c3", "size": 161638, "path": "media/images/PCA of Predicted Chemical Embeddings_58_fd63c685000a35b8b335.png", "format": "png", "width": 2400, "height": 1800}, "_wandb": {"runtime": 449}}