{"PCA of Predicted Chemical Embeddings": {"_type": "image-file", "sha256": "52d6839c65577ae687368dc24ab70acb5801045f1040dc1eb9e3743e5fbb5665", "size": 139448, "path": "media/images/PCA of Predicted Chemical Embeddings_1_52d6839c65577ae68736.png", "format": "png", "width": 2400, "height": 1800}, "_timestamp": 1733779857.911343, "_runtime": 8.862876176834106, "_step": 2, "Encoder Training Loss": 0.1003663495182991, "Encoder Validation Loss": 0.066266747067372, "_wandb": {"runtime": 8}}