{"Encoder Training Loss": 6.294440665160105e-05, "Encoder Validation Loss": 6.454702579386039e-05, "_timestamp": 1734028897.3858097, "_runtime": 422.9364275932312, "_step": 11, "PCA of Predicted Chemical Embeddings": {"_type": "image-file", "sha256": "9ced71c2ad68e462582a7d85435864d831ba62dbcd52ef8a7a682b3d1e072ef9", "size": 432492, "path": "media/images/PCA of Predicted Chemical Embeddings_11_9ced71c2ad68e462582a.png", "format": "png", "width": 2400, "height": 1800}, "_wandb": {"runtime": 423}}