{"Encoder Training Loss": 152.5049285888672, "_timestamp": 1730056472.0266192, "_runtime": 59.426170110702515, "_step": 0, "_wandb": {"runtime": 58}}