{"Generator Training Loss": 163138.92483221478, "Generator Validation Loss": 163337.93954613095, "_timestamp": 1730751044.3089294, "_runtime": 50.49561142921448, "_step": 29, "_wandb": {"runtime": 297}}