{"Generator Training Loss": 290519.8033585889, "Generator Validation Loss": 245848.3741244612, "_timestamp": 1730752348.579231, "_runtime": 57.99293398857117, "_step": 0}