{"MNIST Encoder Training Loss": 0.00604725861260114, "MNIST Encoder Validation Loss": 0.002317481894957988, "_timestamp": 1732255454.4553099, "_runtime": 1.1602919101715088, "_step": 0, "_wandb": {"runtime": 0}}