{"Encoder Training Loss": 8.054028534211703e-05, "Encoder Validation Loss": 0.0009641639930471317, "_timestamp": 1734405088.0478055, "_runtime": 188.51061844825745, "_step": 21, "Early Stopping Ecoch": 18, "Learning Rate at Final Epoch": 1e-05, "PCA of Predicted Chemical Embeddings": {"_type": "image-file", "sha256": "21cb6307dc11904bfc27ab70bf29a3a6bfcc726a1eb6f84ed7b3dbe215a97b36", "size": 864050, "path": "media/images/PCA of Predicted Chemical Embeddings_21_21cb6307dc11904bfc27.png", "format": "png", "width": 2400, "height": 1800}, "_wandb": {"runtime": 187}}