{"MNIST Encoder Training Loss": 0.0012206303383230277, "MNIST Encoder Validation Loss": 0.04301098763745352, "_timestamp": 1732548024.6343992, "_runtime": 76.25567126274109, "_step": 99, "_wandb": {"runtime": 75}}