{"Encoder Training Loss": 2.455095958500831e-05, "Encoder Validation Loss": 2.216899213769058e-05, "_timestamp": 1731009324.3193195, "_runtime": 131.69189858436584, "_step": 29, "_wandb": {"runtime": 142}}