{"Generator Training Loss": 281194.42798424774, "Generator Validation Loss": 282036.7744477371, "_timestamp": 1730754556.1064904, "_runtime": 104.65335726737976, "_step": 34, "Comparison of Experimental and Synthetic Spectra": {"_type": "image-file", "sha256": "7ab2ab102b49f8742ebe762c4d6c51c1cb68666e2f891bad52ef95f7db96bf61", "size": 290899, "path": "media/images/Comparison of Experimental and Synthetic Spectra_34_7ab2ab102b49f8742ebe.png", "format": "png", "width": 6000, "height": 3000}, "_wandb": {"runtime": 104}}