{"Encoder Training Loss": 1.6145453622954683e-07, "Encoder Validation Loss": 0.000586985668593324, "_timestamp": 1733795329.3145254, "_runtime": 37.6067054271698, "_step": 16, "PCA of Predicted Chemical Embeddings": {"_type": "image-file", "sha256": "7dca4545e28d42736ec87ee6488e22166a0b0f9835c47d70e433255c10733e98", "size": 317485, "path": "media/images/PCA of Predicted Chemical Embeddings_16_7dca4545e28d42736ec8.png", "format": "png", "width": 2400, "height": 1800}, "_wandb": {"runtime": 36}}