{"MNIST Encoder Training Loss": 0.002474476148322155, "MNIST Encoder Validation Loss": 0.0028440232563298196, "_timestamp": 1732258286.560953, "_runtime": 7.565039873123169, "_step": 9, "_wandb": {"runtime": 7}}