{"Encoder Training Loss": 0.01723204367264206, "Encoder Validation Loss": 0.014670146500756001, "_timestamp": 1730305597.7896311, "_runtime": 48.60730314254761, "_step": 10, "PCA of Predicted Chemical Embeddings": {"_type": "image-file", "sha256": "e41fe22df585a6268e3b66a3cb9cd001fb204d3d4a4412ee9c110003d1f98d23", "size": 189150, "path": "media/images/PCA of Predicted Chemical Embeddings_10_e41fe22df585a6268e3b.png", "format": "png", "width": 1920, "height": 1440}, "_wandb": {"runtime": 49}}