{"OneHottoIMSGenerator Training Loss": 126763.76594518442, "OneHottoIMSGenerator Validation Loss": 126450.71932633196, "_timestamp": 1739852515.175029, "_runtime": 123.2850821018219, "_step": 4, "_wandb": {"runtime": 144}}