{"Encoder Training Loss": 2.128552157182176e-05, "Encoder Validation Loss": 2.2191153719624145e-05, "_timestamp": 1732576809.6426463, "_runtime": 198.24500942230225, "_step": 11, "PCA of Predicted Chemical Embeddings": {"_type": "image-file", "sha256": "fde0389b7a55af7b070e819841d25ccd3c867816b034f0e726329e2bea5224df", "size": 219153, "path": "media/images/PCA of Predicted Chemical Embeddings_11_fde0389b7a55af7b070e.png", "format": "png", "width": 2400, "height": 1800}, "_wandb": {"runtime": 197}}