{"Encoder Training Loss": 1.660416356198244e-05, "Encoder Validation Loss": 0.0016168581622405876, "_timestamp": 1733800046.6417778, "_runtime": 1277.0509877204895, "_step": 46, "PCA of Predicted Chemical Embeddings": {"_type": "image-file", "sha256": "663c664bdf7666b483a4fe5d978ce2f20e295fab27c0fd95d82939f550aad115", "size": 267682, "path": "media/images/PCA of Predicted Chemical Embeddings_46_663c664bdf7666b483a4.png", "format": "png", "width": 2400, "height": 1800}, "_wandb": {"runtime": 1276}}