{"Encoder Training Loss": 8.385105074989303e-06, "Encoder Validation Loss": 1.4633540225641528e-05, "_timestamp": 1733808700.962884, "_runtime": 7449.667081832886, "_step": 501, "PCA of Predicted Chemical Embeddings": {"_type": "image-file", "sha256": "e98fd76802c6094cf665fcb5848f169ddbba483df1226809aad859fae0522241", "size": 219239, "path": "media/images/PCA of Predicted Chemical Embeddings_500_e98fd76802c6094cf665.png", "format": "png", "width": 2400, "height": 1800}, "_wandb": {"runtime": 7449}}