{"Encoder Training Loss": 3.5711705222372663e-05, "Encoder Validation Loss": 4.144016981924857e-05, "_timestamp": 1733803969.0667694, "_runtime": 2717.770967245102, "_step": 183}