{"Encoder Training Loss": 0.0016620986016602781, "Encoder Validation Loss": 0.000290081751606114, "_timestamp": 1732562892.882249, "_runtime": 8.52451205253601, "_step": 0, "_wandb": {"runtime": 7}}