{"MNIST Encoder Training Loss": 0.0008444093961935107, "MNIST Encoder Validation Loss": 0.043798775294955995, "_timestamp": 1732548292.5116065, "_runtime": 66.00210237503052, "_step": 88, "_wandb": {"runtime": 84}}