{"Generator Training Loss": 153678.20529617873, "Generator Validation Loss": 154360.63961476294, "_timestamp": 1730399304.3243947, "_runtime": 454.87164974212646, "_step": 104, "Comparison of Experimental and Synthetic Spectra": {"_type": "image-file", "sha256": "b903d6441569870bb45908aa4d1beb946c3f6fbfeb45aaa1ec07a5e839e77dae", "size": 271182, "path": "media/images/Comparison of Experimental and Synthetic Spectra_104_b903d6441569870bb459.png", "format": "png", "width": 6000, "height": 3000}, "_wandb": {"runtime": 454}}