{"Encoder Training Loss": 6.72555682465892e-05, "Encoder Validation Loss": 1.8142195780855815e-05, "_timestamp": 1732034539.2660184, "_runtime": 50.75325632095337, "_step": 9, "_wandb": {"runtime": 62}}