{"Encoder Training Loss": 0.00015862772327244129, "Encoder Validation Loss": 5.642531553756522e-05, "_timestamp": 1732034509.3372717, "_runtime": 20.824509620666504, "_step": 3}