{"Generator Training Loss": 8481.864548231444, "Generator Validation Loss": 57968.66105608409, "_timestamp": 1736180300.9666586, "_runtime": 1261.6442875862122, "_step": 36, "Early Stopping Ecoch": 25, "Learning Rate at Final Epoch": 0.0001, "Comparison of Real and Synthetic Spectra": {"_type": "image-file", "sha256": "3d83394cfc6bb556b7c65390c0e38ce61d12a772f289ce8e0d2f114c28dd368a", "size": 236325, "path": "media/images/Comparison of Real and Synthetic Spectra_36_3d83394cfc6bb556b7c6.png", "format": "png", "width": 4200, "height": 2400}, "_wandb": {"runtime": 1261}}