{"Generator Training Loss": 13563.631602531514, "Generator Validation Loss": 59996.11738350764, "_timestamp": 1736179977.7377446, "_runtime": 938.4153735637665, "_step": 18}