{"Encoder Training Loss": 0.001307715675386231, "Encoder Validation Loss": 0.0015390660227908575, "_timestamp": 1733797275.2515118, "_runtime": 15.948689699172974, "_step": 11, "PCA of Predicted Chemical Embeddings": {"_type": "image-file", "sha256": "59e80062050abd1fce80cf2b5d438d8d5345f481b948ffa474dfb4160a67ff27", "size": 663086, "path": "media/images/PCA of Predicted Chemical Embeddings_10_59e80062050abd1fce80.png", "format": "png", "width": 2400, "height": 1800}, "_wandb": {"runtime": 14}}