{"Encoder Training Loss": 547.882991540843, "_timestamp": 1730061081.2316618, "_runtime": 18.204874753952026, "_step": 0, "_wandb": {"runtime": 17}}