{"PCA of Predicted Chemical Embeddings": {"_type": "image-file", "sha256": "f0db3ec0bc02c18b62f1801f52e77e60f02ff1a6651a113527162ece6a9651aa", "size": 112915, "path": "media/images/PCA of Predicted Chemical Embeddings_1_f0db3ec0bc02c18b62f1.png", "format": "png", "width": 2400, "height": 1800}, "_timestamp": 1733803638.6058164, "_runtime": 4.017559289932251, "_step": 2, "Encoder Training Loss": 0.11734518222510815, "Encoder Validation Loss": 0.10923171043395996, "_wandb": {"runtime": 3}}