{"PCA of Predicted Chemical Embeddings": {"_type": "image-file", "sha256": "31203d7714513f8d5356cd1104537a78a2ad8294b746fa0b09430e75e2df9285", "size": 813582, "path": "media/images/PCA of Predicted Chemical Embeddings_0_31203d7714513f8d5356.png", "format": "png", "width": 2400, "height": 1800}, "_timestamp": 1732566614.593792, "_runtime": 6.931164026260376, "_step": 1, "Encoder Training Loss": 0.009506605771543214, "Encoder Validation Loss": 0.003051132665305639, "_wandb": {"runtime": 7}}