{"Generator Training Loss": 153755.57606964067, "Generator Validation Loss": 158440.2680449202, "_timestamp": 1736178571.832583, "_runtime": 919.2313349246979, "_step": 196, "Early Stopping Ecoch": 57, "Learning Rate at Final Epoch": 0.001, "Comparison of Real and Synthetic Spectra": {"_type": "image-file", "sha256": "4674f314d8be9de42ae4d8b9f71e1a28fad3a6e99e8661bbcaa60541b422e81c", "size": 239792, "path": "media/images/Comparison of Real and Synthetic Spectra_194_4674f314d8be9de42ae4.png", "format": "png", "width": 4200, "height": 2400}, "_wandb": {"runtime": 948}}