{"Generator Training Loss": 174450.8697781852, "Generator Validation Loss": 170268.02933563417, "_timestamp": 1736176891.3145044, "_runtime": 81.2797474861145, "_step": 4, "_wandb": {"runtime": 81}}