{"Encoder Training Loss": 0.013711809465832954, "Encoder Validation Loss": 0.0014777698187406665, "_timestamp": 1738646161.9151008, "_runtime": 320.37183380126953, "_step": 12, "Early Stopping Ecoch": 11, "Learning Rate at Final Epoch": 0.0001, "PCA of Predicted Chemical Embeddings": {"_type": "image-file", "sha256": "156eeca6fd83af4a5befeb6732c8fcf4d26ed94eaf9fdb2aae3becee3ca2bebe", "size": 655491, "path": "media/images/PCA of Predicted Chemical Embeddings_12_156eeca6fd83af4a5bef.png", "format": "png", "width": 2400, "height": 1800}, "_wandb": {"runtime": 338}}