{"Encoder Training Loss": 1.3250515656080696e-05, "Encoder Validation Loss": 1.2089281187462771e-05, "_timestamp": 1730327679.4542053, "_runtime": 763.7534403800964, "_step": 100, "PCA of Predicted Chemical Embeddings": {"_type": "image-file", "sha256": "0dc49eda072886a58d1b21b772bf3c3064b605fc6e6aa5905309d4ff4b3c3b2d", "size": 122125, "path": "media/images/PCA of Predicted Chemical Embeddings_100_0dc49eda072886a58d1b.png", "format": "png", "width": 1920, "height": 1440}, "_wandb": {"runtime": 764}}