{"Encoder Training Loss": 1.0914062454162853e-05, "Encoder Validation Loss": 1.8519853845308998e-05, "_timestamp": 1734188523.490851, "_runtime": 919.3433690071106, "_step": 64}