{"Encoder Training Loss": 6.651268299248591e-06, "Encoder Validation Loss": 1.0802749698243509e-05, "_timestamp": 1734189242.2589333, "_runtime": 1638.1114513874054, "_step": 115}