{"Encoder Training Loss": 6.323602970516068e-06, "Encoder Validation Loss": 1.0514277196326976e-05, "_timestamp": 1734189411.1838317, "_runtime": 1807.036349773407, "_step": 126, "Early Stopping Ecoch": 124, "PCA of Predicted Chemical Embeddings": {"_type": "image-file", "sha256": "fb42d98a6e87f1395a3c5289a81648a00be48176992c788cf36fddf564fba085", "size": 174635, "path": "media/images/PCA of Predicted Chemical Embeddings_126_fb42d98a6e87f1395a3c.png", "format": "png", "width": 2400, "height": 1800}, "_wandb": {"runtime": 1807}}