{"Encoder Training Loss": 5.783769296067708e-07, "Encoder Validation Loss": 0.0002750519252774566, "_timestamp": 1738677204.8341882, "_runtime": 1752.9683163166046, "_step": 56, "Early Stopping Ecoch": 54, "Learning Rate at Final Epoch": 1.0000000000000004e-08, "PCA of Predicted Chemical Embeddings": {"_type": "image-file", "sha256": "8ddc344ee4e5e0b3d32b7a40117f1818f0468f29cbd33ac0f0066c28bf46b78a", "size": 724063, "path": "media/images/PCA of Predicted Chemical Embeddings_56_8ddc344ee4e5e0b3d32b.png", "format": "png", "width": 2400, "height": 1800}, "_wandb": {"runtime": 1754}}