{"Encoder Training Loss": 1.1156050329247e-05, "Encoder Validation Loss": 0.00013750460015275585, "_timestamp": 1732576402.8620045, "_runtime": 1787.9942286014557, "_step": 32, "PCA of Predicted Chemical Embeddings": {"_type": "image-file", "sha256": "2346ac757e97fbccd7d7fc140fe95d47ebe659f6263aa7d1a93d35efb390834d", "size": 184310, "path": "media/images/PCA of Predicted Chemical Embeddings_32_2346ac757e97fbccd7d7.png", "format": "png", "width": 2400, "height": 1800}, "_wandb": {"runtime": 1787}}