{"Encoder Training Loss": 2.1274216370711668e-05, "Encoder Validation Loss": 3.44642196709848e-05, "_timestamp": 1733782770.8697262, "_runtime": 1342.6540191173553, "_step": 101, "PCA of Predicted Chemical Embeddings": {"_type": "image-file", "sha256": "4cf30b0b030d45df67bdc5d0fd6e36533546dea86db090eae6a2e1c0bd569259", "size": 236570, "path": "media/images/PCA of Predicted Chemical Embeddings_100_4cf30b0b030d45df67bd.png", "format": "png", "width": 2400, "height": 1800}, "_wandb": {"runtime": 1342}}