{"PCA of Predicted Chemical Embeddings": {"_type": "image-file", "sha256": "254f5b6308dfb5950f5f46316110c5c78e1ea293741d027a97537b155e99c613", "size": 119403, "path": "media/images/PCA of Predicted Chemical Embeddings_1_254f5b6308dfb5950f5f.png", "format": "png", "width": 2400, "height": 1800}, "_timestamp": 1733779074.4806917, "_runtime": 8.987522602081299, "_step": 2, "Encoder Training Loss": 0.09446341395378113, "Encoder Validation Loss": 0.06442670275767644, "_wandb": {"runtime": 8}}