{"PCA of Predicted Chemical Embeddings": {"_type": "image-file", "sha256": "e29a7a5d266894c7f13f918f446740218a3c660a05af08158ecf0b78f6fce7e6", "size": 138258, "path": "media/images/PCA of Predicted Chemical Embeddings_1_e29a7a5d266894c7f13f.png", "format": "png", "width": 2400, "height": 1800}, "_timestamp": 1733779463.5229928, "_runtime": 8.79495882987976, "_step": 2, "Encoder Training Loss": 0.09254792754848798, "Encoder Validation Loss": 0.06452071542541186, "_wandb": {"runtime": 8}}