{"Encoder Training Loss": 0.012373094724725853, "_timestamp": 1730304341.794269, "_runtime": 3.6340491771698, "_step": 1, "Encoder Validation Loss": 0.0016620876518447466, "_wandb": {"runtime": 19}}