{"Encoder Training Loss": 0.0002596833884777955, "Encoder Validation Loss": 0.002046223452695673, "_timestamp": 1738623215.9215379, "_runtime": 190.13843488693237, "_step": 4, "PCA of Predicted Chemical Embeddings": {"_type": "image-file", "sha256": "8b32c90cb1ce0ba5f5597752807735055f34934ee5d78fcfbd1b6fd3bcd5247e", "size": 607981, "path": "media/images/PCA of Predicted Chemical Embeddings_3_8b32c90cb1ce0ba5f559.png", "format": "png", "width": 2400, "height": 1800}, "_wandb": {"runtime": 188}}