{"MNIST Encoder Training Loss": 3.3237953245951082e-06, "MNIST Encoder Validation Loss": 0.0006743767050505617, "_timestamp": 1732560858.2057679, "_runtime": 73.52665376663208, "_step": 99, "_wandb": {"runtime": 73}}