{"MNIST Encoder Training Loss": 4.776747242104695e-07, "MNIST Encoder Validation Loss": 0.000740024253524562, "_timestamp": 1732256111.9811826, "_runtime": 31.72043251991272, "_step": 23, "_wandb": {"runtime": 32}}