{"Encoder Training Loss": 0.00022305910699590775, "Encoder Validation Loss": 0.028038684771649183, "_timestamp": 1733774159.377943, "_runtime": 44.760782957077026, "_step": 6, "_wandb": {"runtime": 46}}