{"MNIST Encoder Training Loss": 1.659518678296846e-07, "MNIST Encoder Validation Loss": 0.0006332231767720486, "_timestamp": 1732257125.3347814, "_runtime": 77.27407050132751, "_step": 99, "_wandb": {"runtime": 76}}