{"Encoder Training Loss": 96363.43935223966, "Encoder Validation Loss": 0.2561004124581814, "_timestamp": 1732033785.926264, "_runtime": 248.3476231098175, "_step": 49, "_wandb": {"runtime": 249}}