{"Encoder Training Loss": 1.992971176128357e-05, "Encoder Validation Loss": 0.0005858023578681329, "_timestamp": 1732572820.2142475, "_runtime": 27.519569396972656, "_step": 16, "PCA of Predicted Chemical Embeddings": {"_type": "image-file", "sha256": "a1e28207a27d4f04fefceb22d85004ebb2a0ca825ad7491bcda74e155da34a29", "size": 306697, "path": "media/images/PCA of Predicted Chemical Embeddings_16_a1e28207a27d4f04fefc.png", "format": "png", "width": 2400, "height": 1800}, "_wandb": {"runtime": 26}}