{"OneHottoIMSGenerator Training Loss": 152078.7752574957, "OneHottoIMSGenerator Validation Loss": 151811.66936070967, "_timestamp": 1739852761.7705126, "_runtime": 136.106196641922, "_step": 5, "_wandb": {"runtime": 154}}