{"Generator Training Loss": 285719.12087476044, "Generator Validation Loss": 286436.0468076509, "_timestamp": 1730753615.4227803, "_runtime": 95.76879525184631, "_step": 34, "Comparison of Experimental and Synthetic Spectra": {"_type": "image-file", "sha256": "59af6032de33e0f7c523c55087b785d34b90dabe75c1bb8f52e825a17ae3c1ac", "size": 307481, "path": "media/images/Comparison of Experimental and Synthetic Spectra_34_59af6032de33e0f7c523.png", "format": "png", "width": 6000, "height": 3000}, "_wandb": {"runtime": 94}}