{"Encoder Training Loss": 6.825703825659356e-08, "Encoder Validation Loss": 1.8286929579556597e-05, "_timestamp": 1738705717.5642056, "_runtime": 3983.2440617084503, "_step": 133, "Early Stopping Ecoch": 131, "Learning Rate at Final Epoch": 1.0000000000000004e-08, "PCA of Predicted Chemical Embeddings": {"_type": "image-file", "sha256": "4bd1a31e592f214285014eebd6621d0b2152d5c9e37f7361cb3d85ab89f204f6", "size": 152057, "path": "media/images/PCA of Predicted Chemical Embeddings_133_4bd1a31e592f21428501.png", "format": "png", "width": 2400, "height": 1800}, "_wandb": {"runtime": 3983}}