{"Encoder Training Loss": 6.549128663076075e-05, "Encoder Validation Loss": 0.0009704253591484533, "_timestamp": 1732569028.6875196, "_runtime": 20.02237844467163, "_step": 14, "_wandb": {"runtime": 18}}