{"PCA of Predicted Chemical Embeddings": {"_type": "image-file", "sha256": "036d1fbbf4b07fe7017ae6ce46b6c2dcc5bcc10ddf368df0dedbfc4afb72fc9d", "size": 112507, "path": "media/images/PCA of Predicted Chemical Embeddings_1_036d1fbbf4b07fe7017a.png", "format": "png", "width": 2400, "height": 1800}, "_timestamp": 1733803819.4468827, "_runtime": 4.4803667068481445, "_step": 2, "Encoder Training Loss": 0.12228473834693432, "Encoder Validation Loss": 0.14670158922672272, "_wandb": {"runtime": 3}}