{"Encoder Training Loss": 0.0025612317123349946, "Encoder Validation Loss": 0.0025526539758711263, "_timestamp": 1733797014.092296, "_runtime": 18.015108823776245, "_step": 11, "PCA of Predicted Chemical Embeddings": {"_type": "image-file", "sha256": "4912e0096f6889a9cc638dde3aaa1bf620c053b6fea4f792f009f262c3bbe3ef", "size": 731352, "path": "media/images/PCA of Predicted Chemical Embeddings_10_4912e0096f6889a9cc63.png", "format": "png", "width": 2400, "height": 1800}, "_wandb": {"runtime": 17}}