{"Encoder Training Loss": 0.017672701107188202, "Encoder Validation Loss": 0.022030859455016667, "_timestamp": 1730305847.2007203, "_runtime": 48.25019335746765, "_step": 10, "PCA of Predicted Chemical Embeddings": {"_type": "image-file", "sha256": "e472fe768cd44a1968e275176c444750bf5b04587ad82a0105beea9d261bd0db", "size": 195313, "path": "media/images/PCA of Predicted Chemical Embeddings_10_e472fe768cd44a1968e2.png", "format": "png", "width": 1920, "height": 1440}, "_wandb": {"runtime": 49}}