{"Encoder Training Loss": 4.13568319788228e-05, "Encoder Validation Loss": 2.9662273761757738e-05, "_timestamp": 1732555265.8386035, "_runtime": 738.3182234764099, "_step": 99, "_wandb": {"runtime": 749}}