{"Encoder Training Loss": 1133.6999662333521, "_timestamp": 1730058257.6458817, "_runtime": 4.18101954460144, "_step": 0, "_wandb": {"runtime": 89}}