{"CIFAR10 Encoder Training Loss": 0.0010866965696995977, "CIFAR10 Encoder Validation Loss": 0.027135003213418194, "_timestamp": 1732244616.030933, "_runtime": 238.37050795555115, "_step": 54, "_wandb": {"runtime": 237}}