{"Encoder Training Loss": 0.0026546759250192327, "Encoder Validation Loss": 0.002575195696673646, "_timestamp": 1733797388.030494, "_runtime": 15.787406921386719, "_step": 11, "PCA of Predicted Chemical Embeddings": {"_type": "image-file", "sha256": "908da0f6c3ac4b83d1d2004a5bcc63f826e8359db281f0bff5788eaee06caa9f", "size": 769333, "path": "media/images/PCA of Predicted Chemical Embeddings_10_908da0f6c3ac4b83d1d2.png", "format": "png", "width": 2400, "height": 1800}, "_wandb": {"runtime": 14}}