{"Encoder Training Loss": 1.2422028184244984e-06, "Encoder Validation Loss": 0.36399502764414765, "_timestamp": 1738681542.3665175, "_runtime": 898.5598676204681, "_step": 32, "Early Stopping Ecoch": 30, "Learning Rate at Final Epoch": 1.0000000000000002e-07, "PCA of Predicted Chemical Embeddings": {"_type": "image-file", "sha256": "bd0add43159f2b36468a9490017832bcf15e1f62bbba8e8fe3a3fbfa90cc33c3", "size": 515517, "path": "media/images/PCA of Predicted Chemical Embeddings_32_bd0add43159f2b36468a.png", "format": "png", "width": 2400, "height": 1800}, "_wandb": {"runtime": 899}}