{"Generator Training Loss": 124455.43776092221, "Generator Validation Loss": 129354.20063598738, "_timestamp": 1736178940.5715427, "_runtime": 331.8428466320038, "_step": 23, "Early Stopping Ecoch": 12, "Learning Rate at Final Epoch": 0.0001, "Comparison of Real and Synthetic Spectra": {"_type": "image-file", "sha256": "48e67f4705f26cfa8e2e472db2d2e3b5ccf96d6bf764db85a7c4dcf3394483f6", "size": 233702, "path": "media/images/Comparison of Real and Synthetic Spectra_23_48e67f4705f26cfa8e2e.png", "format": "png", "width": 4200, "height": 2400}, "_wandb": {"runtime": 330}}