{"Encoder Training Loss": 5.4379910670327595e-05, "Encoder Validation Loss": 0.0007832488679550292, "_timestamp": 1732572515.5169723, "_runtime": 280.02501130104065, "_step": 64, "PCA of Predicted Chemical Embeddings": {"_type": "image-file", "sha256": "78f62d873ce175b4086679b9e54cdc9824e909d39cc2e0219a4dd29b80a6af07", "size": 346396, "path": "media/images/PCA of Predicted Chemical Embeddings_64_78f62d873ce175b40866.png", "format": "png", "width": 2400, "height": 1800}, "_wandb": {"runtime": 279}}