{"Encoder Training Loss": 9.708878136929852e-05, "_timestamp": 1730301553.0726457, "_runtime": 266.78611159324646, "_step": 99}