{"Encoder Training Loss": 0.018795482873188697, "Encoder Validation Loss": 0.013116364327163017, "_timestamp": 1730305532.787353, "_runtime": 48.5441460609436, "_step": 10, "PCA of Predicted Chemical Embeddings": {"_type": "image-file", "sha256": "3d2529302297ba5e562ce018945bba2ee1885d8a71f324274fa7901ec04cf928", "size": 190100, "path": "media/images/PCA of Predicted Chemical Embeddings_10_3d2529302297ba5e562c.png", "format": "png", "width": 1920, "height": 1440}, "_wandb": {"runtime": 49}}