{"Encoder Training Loss": 7.248376809258585e-05, "Encoder Validation Loss": 0.0009866417162030317, "_timestamp": 1732568980.8313613, "_runtime": 52.187228202819824, "_step": 21, "_wandb": {"runtime": 50}}