{"Encoder Training Loss": 0.00013226073596795808, "Encoder Validation Loss": 0.0007906213722648517, "_timestamp": 1732653137.5726593, "_runtime": 727.7097551822662, "_step": 320}