{"Encoder Training Loss": 2.1919719553959248e-05, "Encoder Validation Loss": 0.000697253116079892, "_timestamp": 1732653545.662489, "_runtime": 1135.79958486557, "_step": 501, "PCA of Predicted Chemical Embeddings": {"_type": "image-file", "sha256": "121155f8f4d218d461a7ebf28d0e3b1d37b90183f8f7054d23660ad4967f0e59", "size": 439988, "path": "media/images/PCA of Predicted Chemical Embeddings_500_121155f8f4d218d461a7.png", "format": "png", "width": 2400, "height": 1800}, "_wandb": {"runtime": 1135}}