{"Encoder Training Loss": 8.230739778161327e-06, "_timestamp": 1730228546.2497911, "_runtime": 155.14062023162842, "_step": 19, "_wandb": {"runtime": 168}}