{"Encoder Training Loss": 0.002729160543019203, "Encoder Validation Loss": 0.0024326045987781353, "_timestamp": 1733809066.550507, "_runtime": 361.03731203079224, "_step": 11, "PCA of Predicted Chemical Embeddings": {"_type": "image-file", "sha256": "f48e2846a63c31cf411f150197b9ba362f91bd3607a0e927d275a3d077e77675", "size": 525318, "path": "media/images/PCA of Predicted Chemical Embeddings_11_f48e2846a63c31cf411f.png", "format": "png", "width": 2400, "height": 1800}, "_wandb": {"runtime": 360}}