{"Encoder Training Loss": 0.0024307177772220127, "Encoder Validation Loss": 0.0052633501123636964, "_timestamp": 1733802501.307571, "_runtime": 8.241446018218994, "_step": 11, "PCA of Predicted Chemical Embeddings": {"_type": "image-file", "sha256": "40034ab34974e91e000b82ebe2716ef928ae21f6ee0dd089c31b53b19d6d310e", "size": 116332, "path": "media/images/PCA of Predicted Chemical Embeddings_10_40034ab34974e91e000b.png", "format": "png", "width": 2400, "height": 1800}, "_wandb": {"runtime": 7}}