{"Encoder Training Loss": 0.004710690686468891, "Encoder Validation Loss": 0.0011992680518797614, "_timestamp": 1732558883.478435, "_runtime": 5.716115951538086, "_step": 0, "_wandb": {"runtime": 16}}