{"MNIST Encoder Training Loss": 1.4871208930565348e-06, "MNIST Encoder Validation Loss": 0.0007430107217108647, "_timestamp": 1732255789.2699327, "_runtime": 59.76212167739868, "_step": 99, "_wandb": {"runtime": 59}}