{"PCA of Predicted Chemical Embeddings": {"_type": "image-file", "sha256": "becc307e93def0f297571e174a722a326d7a9e4e2a67f0c936f98ccd44ef35bd", "size": 370306, "path": "media/images/PCA of Predicted Chemical Embeddings_1_becc307e93def0f29757.png", "format": "png", "width": 2400, "height": 1800}, "_timestamp": 1732567843.940914, "_runtime": 61.28185987472534, "_step": 2, "Encoder Training Loss": 0.0016310265755583734, "Encoder Validation Loss": 0.00034202901640034315, "_wandb": {"runtime": 59}}