{"Encoder Training Loss": 1.0794653329672233e-05, "Encoder Validation Loss": 1.0571819008655925, "_timestamp": 1738674355.9294956, "_runtime": 586.2118694782257, "_step": 19, "Early Stopping Ecoch": 17, "Learning Rate at Final Epoch": 1e-05, "PCA of Predicted Chemical Embeddings": {"_type": "image-file", "sha256": "2b19b30e5228f62516398bb5ab28a884a960e881e72294709cf1dc3762741c22", "size": 111154, "path": "media/images/PCA of Predicted Chemical Embeddings_19_2b19b30e5228f6251639.png", "format": "png", "width": 2400, "height": 1800}, "_wandb": {"runtime": 587}}