{"Generator Training Loss": 285578.46992543124, "Generator Validation Loss": 286393.5402074353, "_timestamp": 1730753951.379996, "_runtime": 99.0104751586914, "_step": 34, "Comparison of Experimental and Synthetic Spectra": {"_type": "image-file", "sha256": "f97baea6506feba271fc308889b6aedef5209d9a6bfed872947e17dce293ebaf", "size": 279531, "path": "media/images/Comparison of Experimental and Synthetic Spectra_34_f97baea6506feba271fc.png", "format": "png", "width": 6000, "height": 3000}, "_wandb": {"runtime": 98}}