{"Encoder Training Loss": 0.012229449914543536, "_timestamp": 1730302666.7138717, "_runtime": 3.50247859954834, "_step": 1, "Encoder Validation Loss": 0.0015272986021390635, "_wandb": {"runtime": 18}}