{"Single Chem Generator Training Loss": 163177.7447147651, "Single Chem Generator Validation Loss": 163293.98753720237, "_timestamp": 1730751346.448687, "_runtime": 49.15100908279419, "_step": 29, "_wandb": {"runtime": 49}}