{"Encoder Training Loss": 6.916643418965372e-05, "_timestamp": 1730227261.435384, "_runtime": 83.32556700706482, "_step": 19, "_wandb": {"runtime": 82}}