{"Encoder Training Loss": 9.643677867196734e-06, "Encoder Validation Loss": 1.1028118138291386e-05, "_timestamp": 1730319355.5896351, "_runtime": 444.37268805503845, "_step": 100, "PCA of Predicted Chemical Embeddings": {"_type": "image-file", "sha256": "ecde8d4cfc1dba223f9f86e237a781c48adf7d64a8ea6be2fc8e4fc4f5461a5b", "size": 108950, "path": "media/images/PCA of Predicted Chemical Embeddings_100_ecde8d4cfc1dba223f9f.png", "format": "png", "width": 1920, "height": 1440}, "_wandb": {"runtime": 444}}