{"Encoder Training Loss": 0.004628888294747265, "Encoder Validation Loss": 0.001640454732014091, "_timestamp": 1732559025.1413913, "_runtime": 5.922183275222778, "_step": 0, "_wandb": {"runtime": 16}}