{"PCA of Predicted Chemical Embeddings": {"_type": "image-file", "sha256": "e4eb46a2fb4b1fed3630cec60f02f441f5a5c9ab0db23c9ecf83b94be4ad61e1", "size": 115829, "path": "media/images/PCA of Predicted Chemical Embeddings_1_e4eb46a2fb4b1fed3630.png", "format": "png", "width": 2400, "height": 1800}, "_timestamp": 1733780115.4009812, "_runtime": 9.019870281219482, "_step": 2, "Encoder Training Loss": 0.10457765658696493, "Encoder Validation Loss": 0.06637187153100968, "_wandb": {"runtime": 8}}