{"Encoder Training Loss": 2.3303457447181307e-05, "Encoder Validation Loss": 0.001663416237922069, "_timestamp": 1733798764.3999436, "_runtime": 3150.7976536750793, "_step": 222, "PCA of Predicted Chemical Embeddings": {"_type": "image-file", "sha256": "11a3b6762e52c69dcb9b588399f89b0a11def26714e4883a44e700439e863924", "size": 269010, "path": "media/images/PCA of Predicted Chemical Embeddings_222_11a3b6762e52c69dcb9b.png", "format": "png", "width": 2400, "height": 1800}, "_wandb": {"runtime": 3150}}