{"Encoder Training Loss": 2.222328591315659e-08, "Encoder Validation Loss": 0.0005772289281135753, "_timestamp": 1734412440.711341, "_runtime": 661.5517179965973, "_step": 56, "Early Stopping Ecoch": 53, "Learning Rate at Final Epoch": 1.0000000000000002e-07, "PCA of Predicted Chemical Embeddings": {"_type": "image-file", "sha256": "fd1ab724711c095b9708c0a0a7f7ab6dbe09f496c4515b6ae89bda1fe2beed5e", "size": 782382, "path": "media/images/PCA of Predicted Chemical Embeddings_56_fd1ab724711c095b9708.png", "format": "png", "width": 2400, "height": 1800}, "_wandb": {"runtime": 661}}