{"MNIST Encoder Training Loss": 0.00012947437303091903, "MNIST Encoder Validation Loss": 0.0010245343330731547, "_timestamp": 1732250246.0811787, "_runtime": 110.93823957443237, "_step": 99, "_wandb": {"runtime": 109}}