{"Encoder Training Loss": 2.773207690593686e-06, "Encoder Validation Loss": 0.007638444941020004, "_timestamp": 1734423237.4771802, "_runtime": 327.07935523986816, "_step": 20, "Early Stopping Ecoch": 17, "Learning Rate at Final Epoch": 1.0000000000000002e-07, "PCA of Predicted Chemical Embeddings": {"_type": "image-file", "sha256": "f681e4f74554011809567fba2571e9bd7a9bcc8c77be715d38afd01db4b99dcb", "size": 305629, "path": "media/images/PCA of Predicted Chemical Embeddings_20_f681e4f7455401180956.png", "format": "png", "width": 2400, "height": 1800}, "_wandb": {"runtime": 327}}