{"Encoder Training Loss": 7.342641829735037e-05, "Encoder Validation Loss": 4.716817496610647e-05, "_timestamp": 1730314993.0368087, "_runtime": 60.629069805145264, "_step": 10, "PCA of Predicted Chemical Embeddings": {"_type": "image-file", "sha256": "952ed480a77c9a08a6c8e22d0bea84358867e58f3903f6ee2eb1b8573764fb56", "size": 193018, "path": "media/images/PCA of Predicted Chemical Embeddings_10_952ed480a77c9a08a6c8.png", "format": "png", "width": 1920, "height": 1440}, "_wandb": {"runtime": 61}}