{"Encoder Training Loss": 9.813568842016452e-09, "Encoder Validation Loss": 0.0005817788063873383, "_timestamp": 1734411364.8470223, "_runtime": 1059.0022523403168, "_step": 49, "Early Stopping Ecoch": 46, "Learning Rate at Final Epoch": 1.0000000000000002e-07, "PCA of Predicted Chemical Embeddings": {"_type": "image-file", "sha256": "8ac2063e8a10a801b25e86029dfb5d45cf0a21b89840693d264ccf3a37c346c8", "size": 522409, "path": "media/images/PCA of Predicted Chemical Embeddings_49_8ac2063e8a10a801b25e.png", "format": "png", "width": 2400, "height": 1800}, "_wandb": {"runtime": 1059}}