{"Encoder Training Loss": 2.327773193549376e-08, "Encoder Validation Loss": 0.0005825447986240429, "_timestamp": 1734411164.2220356, "_runtime": 858.3772656917572, "_step": 38}