{"Encoder Training Loss": 8.270584860419735e-08, "Encoder Validation Loss": 0.0005841448394733601, "_timestamp": 1733795371.2132804, "_runtime": 37.433069467544556, "_step": 16, "PCA of Predicted Chemical Embeddings": {"_type": "image-file", "sha256": "e39ae6f2b745fa737aaad30e61e44e916aa64c36bdffe1bed77cb96c7e7cc46e", "size": 317161, "path": "media/images/PCA of Predicted Chemical Embeddings_16_e39ae6f2b745fa737aaa.png", "format": "png", "width": 2400, "height": 1800}, "_wandb": {"runtime": 36}}