{"Encoder Training Loss": 180662148117.30823, "_timestamp": 1730209032.897602, "_runtime": 205.33825302124023, "_step": 13, "_wandb": {"runtime": 219}}