{"Generator Training Loss": 858239.6358373277, "Generator Validation Loss": 857675.6569908406, "_timestamp": 1730404673.1584423, "_runtime": 73.69032335281372, "_step": 4}