{"Generator Training Loss": 153838.74127565158, "Generator Validation Loss": 154397.51139042297, "_timestamp": 1730405061.540392, "_runtime": 462.07227301597595, "_step": 34, "Comparison of Experimental and Synthetic Spectra": {"_type": "image-file", "sha256": "ef7df69dcce832b39fa3e8f9c48ef7d1e73edb0492986074a023536e20ef559f", "size": 350854, "path": "media/images/Comparison of Experimental and Synthetic Spectra_34_ef7df69dcce832b39fa3.png", "format": "png", "width": 6000, "height": 3000}, "_wandb": {"runtime": 461}}