{"Encoder Training Loss": 0.00039053123766813827, "Encoder Validation Loss": 0.000981458395055168, "_timestamp": 1732569514.9636898, "_runtime": 11.843658685684204, "_step": 8, "_wandb": {"runtime": 18}}