{"Random Labels MNIST Encoder Training Loss": 0.030585406394443702, "Random Labels MNIST Encoder Validation Loss": 0.030024529847976388, "_timestamp": 1732546515.7829814, "_runtime": 1.4788334369659424, "_step": 0, "_wandb": {"runtime": 1}}