{"Generator Training Loss": 125920.21280965433, "Generator Validation Loss": 125510.50493332435, "_timestamp": 1730403564.6647017, "_runtime": 95.96447968482971, "_step": 14, "Comparison of Experimental and Synthetic Spectra": {"_type": "image-file", "sha256": "120b10c6e127a5b877ae9503bcb7936dd778fc2d5bb23d03d8946e3caacc2185", "size": 349953, "path": "media/images/Comparison of Experimental and Synthetic Spectra_14_120b10c6e127a5b877ae.png", "format": "png", "width": 6000, "height": 3000}, "_wandb": {"runtime": 95}}