{"Generator Training Loss": 151372.55651054144, "Generator Validation Loss": 151911.87638065734, "_timestamp": 1730397117.7107637, "_runtime": 42.86810874938965, "_step": 9, "_wandb": {"runtime": 42}}