{"Encoder Training Loss": 9.537835840681803e-07, "Encoder Validation Loss": 4.9421095132010146e-05, "_timestamp": 1734417263.7215905, "_runtime": 835.7995264530182, "_step": 58, "Early Stopping Ecoch": 55, "Learning Rate at Final Epoch": 1.0000000000000002e-06, "PCA of Predicted Chemical Embeddings": {"_type": "image-file", "sha256": "8db56a5ad402e78b3ce689ae794779fcc7aa0984031da612cdbc2660548c7f74", "size": 219651, "path": "media/images/PCA of Predicted Chemical Embeddings_58_8db56a5ad402e78b3ce6.png", "format": "png", "width": 2400, "height": 1800}, "_wandb": {"runtime": 836}}