{"Encoder Training Loss": 6.820567410425239e-07, "Encoder Validation Loss": 0.0006093310316679666, "_timestamp": 1733795217.2507145, "_runtime": 63.53823447227478, "_step": 16, "PCA of Predicted Chemical Embeddings": {"_type": "image-file", "sha256": "c89ea911bf6facdb0a88c1f436220f81ac69c65381601558121a91d5e73a6626", "size": 323418, "path": "media/images/PCA of Predicted Chemical Embeddings_16_c89ea911bf6facdb0a88.png", "format": "png", "width": 2400, "height": 1800}, "_wandb": {"runtime": 62}}