{"Encoder Training Loss": 0.00014977599364744955, "Encoder Validation Loss": 0.0018123168187836806, "_timestamp": 1733778349.7004063, "_runtime": 75.44182920455933, "_step": 11, "PCA of Predicted Chemical Embeddings": {"_type": "image-file", "sha256": "d21a53f10618ff7f27486b965fd0323a7b2e1309b4f9d71692d034e77dec98c3", "size": 289960, "path": "media/images/PCA of Predicted Chemical Embeddings_10_d21a53f10618ff7f2748.png", "format": "png", "width": 2400, "height": 1800}, "_wandb": {"runtime": 74}}