{"Encoder Training Loss": 2.9925801803897344e-05, "Encoder Validation Loss": 2.2237295918957585e-05, "_timestamp": 1731855760.391575, "_runtime": 124.27451419830322, "_step": 29, "_wandb": {"runtime": 135}}