{"Random Labels MNIST Encoder Training Loss": 0.030575760243272108, "Random Labels MNIST Encoder Validation Loss": 0.030111442572924474, "_timestamp": 1732546528.023238, "_runtime": 1.2137479782104492, "_step": 0, "_wandb": {"runtime": 0}}