{"Encoder Training Loss": 0.011713712186828235, "_timestamp": 1730303384.4326372, "_runtime": 18.913862228393555, "_step": 2, "Encoder Validation Loss": 0.001324143054983418, "PCA of Predicted Chemical Embeddings": {"_type": "image-file", "sha256": "028daa1050a795d41e3f33bfc735b5b4c886c612da684671206dd94dafb58075", "size": 1229006, "path": "media/images/PCA of Predicted Chemical Embeddings_2_028daa1050a795d41e3f.tiff", "format": "tiff", "width": 640, "height": 480}, "_wandb": {"runtime": 19}}