{"Encoder Training Loss": 6.209127182862572e-05, "Encoder Validation Loss": 7.498804241722297e-05, "_timestamp": 1732639344.6778789, "_runtime": 368.6670789718628, "_step": 47, "PCA of Predicted Chemical Embeddings": {"_type": "image-file", "sha256": "ac12fb6888fe9fe5cf2cd8a3bfc8ea8f74858e3750c534a4b5712c24ba8ec14c", "size": 204567, "path": "media/images/PCA of Predicted Chemical Embeddings_47_ac12fb6888fe9fe5cf2c.png", "format": "png", "width": 2400, "height": 1800}, "_wandb": {"runtime": 368}}