{"Encoder Training Loss": 9.843662370007267e-06, "Encoder Validation Loss": 7.498240842061272e-06, "_timestamp": 1734028467.8730419, "_runtime": 1602.120365858078, "_step": 51, "PCA of Predicted Chemical Embeddings": {"_type": "image-file", "sha256": "e87e2dec9eb5ab2760da7b77958b2ba65e113417c406a58f6e33c7111102d59b", "size": 168910, "path": "media/images/PCA of Predicted Chemical Embeddings_51_e87e2dec9eb5ab2760da.png", "format": "png", "width": 2400, "height": 1800}, "_wandb": {"runtime": 1602}}