{"Generator Training Loss": 125130.24988392643, "Generator Validation Loss": 127492.4695076778, "_timestamp": 1730404046.0186882, "_runtime": 244.23165726661682, "_step": 34, "Comparison of Experimental and Synthetic Spectra": {"_type": "image-file", "sha256": "d2c8cd24b6860c4d7cafe55f82b086a699f03af91b47d0eccc4505410bd5db64", "size": 349522, "path": "media/images/Comparison of Experimental and Synthetic Spectra_34_d2c8cd24b6860c4d7caf.png", "format": "png", "width": 6000, "height": 3000}, "_wandb": {"runtime": 243}}