{"Encoder Training Loss": 5.936167758444067e-06, "Encoder Validation Loss": 2.1046652781525813e-05, "_timestamp": 1732640606.1466277, "_runtime": 1012.0151786804199, "_step": 130, "PCA of Predicted Chemical Embeddings": {"_type": "image-file", "sha256": "136ffdd25def93b1887769cbd8d928362e81806d3cf66d58e5084f68974d432f", "size": 187002, "path": "media/images/PCA of Predicted Chemical Embeddings_130_136ffdd25def93b18877.png", "format": "png", "width": 2400, "height": 1800}, "_wandb": {"runtime": 1012}}