{"Encoder Training Loss": 0.0032660229593519077, "_timestamp": 1730302347.7848783, "_runtime": 3.8124682903289795, "_step": 1, "Encoder Validation Loss": 0.0007961149039429387, "_wandb": {"runtime": 16}}