{"OneHottoIMSGenerator Training Loss": 122134.82388059031, "OneHottoIMSGenerator Validation Loss": 126676.99072139236, "_timestamp": 1739851995.6627498, "_runtime": 1186.4564728736877, "_step": 55, "Early Stopping Ecoch": 50, "Learning Rate at Final Epoch": 1.0000000000000002e-07, "Comparison of Real and Synthetic CARLs": {"_type": "image-file", "sha256": "6cec0ad9a67eeed0f79ea9f8c5a98a2e1a6e02f1a577a7ee0408b03d8dd059cc", "size": 277823, "path": "media/images/Comparison of Real and Synthetic CARLs_55_6cec0ad9a67eeed0f79e.png", "format": "png", "width": 4200, "height": 2400}}