{"Encoder Training Loss": 0.009531198403640506, "Encoder Validation Loss": 0.003067479970778604, "_timestamp": 1732566584.9925141, "_runtime": 1.2570152282714844, "_step": 0, "_wandb": {"runtime": 0}}