{"Encoder Training Loss": 0.0017791480068939816, "Encoder Validation Loss": 0.0018952379931405877, "_timestamp": 1733797733.452396, "_runtime": 19.27354383468628, "_step": 16, "PCA of Predicted Chemical Embeddings": {"_type": "image-file", "sha256": "9e40723603df1bcccfd163da60616726e1775bbb221efda128da12a786de5df9", "size": 693922, "path": "media/images/PCA of Predicted Chemical Embeddings_16_9e40723603df1bcccfd1.png", "format": "png", "width": 2400, "height": 1800}, "_wandb": {"runtime": 18}}