{"PCA of Predicted Chemical Embeddings": {"_type": "image-file", "sha256": "a2c2386aa497622b5f8d2f172b883c41181cf9069f4b3c156a80e8c22a2c8555", "size": 147574, "path": "media/images/PCA of Predicted Chemical Embeddings_1_a2c2386aa497622b5f8d.png", "format": "png", "width": 2400, "height": 1800}, "_timestamp": 1733779691.9828503, "_runtime": 9.068354368209839, "_step": 2, "Encoder Training Loss": 0.09416634837786357, "Encoder Validation Loss": 0.0627964279303948, "_wandb": {"runtime": 8}}