{"Encoder Training Loss": 1.868698835850942e-05, "Encoder Validation Loss": 0.013060911024027289, "_timestamp": 1734369762.2894793, "_runtime": 555.7613742351532, "_step": 21, "_wandb": {"runtime": 573}}