{"Encoder Training Loss": 0.001663952472565623, "Encoder Validation Loss": 0.0004190476530656552, "_timestamp": 1732562933.8295958, "_runtime": 8.214727878570557, "_step": 0, "_wandb": {"runtime": 7}}