{"Encoder Training Loss": 0.0004586163857532911, "Encoder Validation Loss": 0.000939771602823949, "_timestamp": 1732566164.4795902, "_runtime": 15.645121097564697, "_step": 1, "_wandb": {"runtime": 19}}