{"Encoder Training Loss": 1.1663968237410377e-05, "Encoder Validation Loss": 9.808446548696527e-06, "_timestamp": 1731856377.789455, "_runtime": 417.2153639793396, "_step": 99, "_wandb": {"runtime": 428}}