{"Encoder Training Loss": 477.18304718609517, "_timestamp": 1730060349.826401, "_runtime": 19.091048002243042, "_step": 0, "_wandb": {"runtime": 17}}