{"Encoder Training Loss": 1.9581439671761304e-05, "Encoder Validation Loss": 2618151.594513385, "_timestamp": 1738651726.3651645, "_runtime": 1445.265249490738, "_step": 17, "Early Stopping Ecoch": 15, "Learning Rate at Final Epoch": 1e-05, "PCA of Predicted Chemical Embeddings": {"_type": "image-file", "sha256": "dfcc83c3726d7424eb5ec04fd52a813f8dd473b0fa3fc857bb07b9fd906ae01a", "size": 114673, "path": "media/images/PCA of Predicted Chemical Embeddings_17_dfcc83c3726d7424eb5e.png", "format": "png", "width": 2400, "height": 1800}, "_wandb": {"runtime": 1445}}