{"Encoder Training Loss": 85.23883616081599, "_timestamp": 1730208801.431248, "_runtime": 1018.5834360122681, "_step": 72, "_wandb": {"runtime": 1025}}