{"Encoder Training Loss": 0.0007920285824220628, "Encoder Validation Loss": 0.025716543848079348, "_timestamp": 1732228182.80141, "_runtime": 20.94509506225586, "_step": 49, "_wandb": {"runtime": 20}}