{"MNIST Encoder Training Loss": 0.011891511118506353, "MNIST Encoder Validation Loss": 0.0037218265933915973, "_timestamp": 1732255374.019792, "_runtime": 2.2550511360168457, "_step": 0, "_wandb": {"runtime": 0}}