{"Generator Training Loss": 151710.3603782343, "Generator Validation Loss": 151971.60391971984, "_timestamp": 1730403205.2966003, "_runtime": 111.36580634117126, "_step": 24, "Comparison of Experimental and Synthetic Spectra": {"_type": "image-file", "sha256": "66876219a242fe1d9a127677b45b7ed0c937a139b4c6c90b99776f5cd1a56215", "size": 345523, "path": "media/images/Comparison of Experimental and Synthetic Spectra_24_66876219a242fe1d9a12.png", "format": "png", "width": 6000, "height": 3000}, "_wandb": {"runtime": 110}}