{"Encoder Training Loss": 0.004145722945153034, "Encoder Validation Loss": 0.0015819598315986163, "_timestamp": 1732563793.8178277, "_runtime": 8.87005066871643, "_step": 0, "_wandb": {"runtime": 8}}