{"Encoder Training Loss": 0.15415505390485812, "_timestamp": 1730079116.9095824, "_runtime": 357.5718193054199, "_step": 19, "_wandb": {"runtime": 357}}