{"Encoder Training Loss": 1.1641132004066275e-05, "Encoder Validation Loss": 0.0008275294973705816, "_timestamp": 1738643320.5210075, "_runtime": 371.49266147613525, "_step": 14, "_wandb": {"runtime": 387}}