{"Encoder Training Loss": 0.012961584517843325, "_timestamp": 1730303168.9297483, "_runtime": 19.43285632133484, "_step": 2, "Encoder Validation Loss": 0.0015082202725321182, "PCA of Predicted Chemical Embeddings": {"_type": "image-file", "sha256": "c490ef72e7ee43e00cd474fece0331604391928e2b74affc3121d4fa9b89356f", "size": 2306, "path": "media/images/PCA of Predicted Chemical Embeddings_2_c490ef72e7ee43e00cd4.png", "format": "png", "width": 640, "height": 480}, "_wandb": {"runtime": 17}}