{"Encoder Training Loss": 0.0006498456253079657, "Encoder Validation Loss": 0.006066178177018722, "_timestamp": 1733774999.5728986, "_runtime": 409.7099356651306, "_step": 29, "PCA of Predicted Chemical Embeddings": {"_type": "image-file", "sha256": "b23ae5bb039a3e1f9a5b6f0bb82278ac2b2e3683ee5f326a1e8cfaa8dd3f41b2", "size": 335288, "path": "media/images/PCA of Predicted Chemical Embeddings_29_b23ae5bb039a3e1f9a5b.png", "format": "png", "width": 2400, "height": 1800}, "_wandb": {"runtime": 409}}