{"PCA of Predicted Chemical Embeddings": {"_type": "image-file", "sha256": "e5c803a155fca3d9b8caf14872178bdd372d096ee3304c3b7fe4388c96508cc6", "size": 128831, "path": "media/images/PCA of Predicted Chemical Embeddings_1_e5c803a155fca3d9b8ca.png", "format": "png", "width": 2400, "height": 1800}, "_timestamp": 1733780269.0747917, "_runtime": 9.133991718292236, "_step": 2, "Encoder Training Loss": 0.09950666849811872, "Encoder Validation Loss": 0.06550968115528424, "_wandb": {"runtime": 8}}