{"Encoder Training Loss": 3.937388505491106e-06, "Encoder Validation Loss": 0.0006750568364587039, "_timestamp": 1732568220.3744793, "_runtime": 48.41187620162964, "_step": 62, "_wandb": {"runtime": 47}}