{"Encoder Training Loss": 0.0005281479951697587, "Encoder Validation Loss": 0.000820164313222135, "_timestamp": 1732640744.7391539, "_runtime": 1393.0482759475708, "_step": 44, "PCA of Predicted Chemical Embeddings": {"_type": "image-file", "sha256": "bf84d0a561d45c32666c3c20795b0a5c7667798c39b43866dcdcf3eaf342edf8", "size": 406507, "path": "media/images/PCA of Predicted Chemical Embeddings_44_bf84d0a561d45c32666c.png", "format": "png", "width": 2400, "height": 1800}, "_wandb": {"runtime": 1392}}