{"Encoder Training Loss": 0.0017126728316941115, "Encoder Validation Loss": 0.00044378273644818774, "_timestamp": 1732563226.7821007, "_runtime": 9.14163064956665, "_step": 0, "_wandb": {"runtime": 7}}