{"Encoder Training Loss": 1.8292360177242897e-06, "Encoder Validation Loss": 0.00010304940425552854, "_timestamp": 1734419168.2337952, "_runtime": 597.5968000888824, "_step": 40, "Early Stopping Ecoch": 37, "Learning Rate at Final Epoch": 1.0000000000000002e-06, "PCA of Predicted Chemical Embeddings": {"_type": "image-file", "sha256": "d36a527c05b0e34bf4a475b5e52065e427ec77bf66fd8f1c30727e9ed0fa7466", "size": 177193, "path": "media/images/PCA of Predicted Chemical Embeddings_40_d36a527c05b0e34bf4a4.png", "format": "png", "width": 2400, "height": 1800}, "_wandb": {"runtime": 597}}