{"Encoder Training Loss": 8.53743308553923e-06, "_timestamp": 1732032565.1943798, "_runtime": 456.6884808540344, "_step": 99, "_wandb": {"runtime": 468}}