{"Encoder Training Loss": 1.0598270791505627e-07, "Encoder Validation Loss": 0.0006082947960566952, "_timestamp": 1732572908.3688614, "_runtime": 19.5928053855896, "_step": 16, "PCA of Predicted Chemical Embeddings": {"_type": "image-file", "sha256": "0c41e7499852c1b56fbfed0d41e6eb696866997cca980858537b30c4a11fa6ae", "size": 297173, "path": "media/images/PCA of Predicted Chemical Embeddings_16_0c41e7499852c1b56fbf.png", "format": "png", "width": 2400, "height": 1800}, "_wandb": {"runtime": 18}}