{"Encoder Training Loss": 6.274885498721142e-05, "Encoder Validation Loss": 0.0001423247439921899, "_timestamp": 1730316637.020731, "_runtime": 59.564244985580444, "_step": 10, "PCA of Predicted Chemical Embeddings": {"_type": "image-file", "sha256": "ffa437bdf3387715d789857694ff787683ee3b464715a170af4454c002cf2728", "size": 162233, "path": "media/images/PCA of Predicted Chemical Embeddings_10_ffa437bdf3387715d789.png", "format": "png", "width": 1920, "height": 1440}, "_wandb": {"runtime": 60}}