{"Encoder Training Loss": 2.0086577981438524e-06, "Encoder Validation Loss": 0.007056266129282926, "_timestamp": 1734405710.4636233, "_runtime": 231.64946818351746, "_step": 26, "Early Stopping Ecoch": 23, "Learning Rate at Final Epoch": 1.0000000000000002e-06, "PCA of Predicted Chemical Embeddings": {"_type": "image-file", "sha256": "0c7c2d273294c7126c93d4ba3e726f9cd06443a46fea9468e1edc6d0cd449210", "size": 633446, "path": "media/images/PCA of Predicted Chemical Embeddings_26_0c7c2d273294c7126c93.png", "format": "png", "width": 2400, "height": 1800}, "_wandb": {"runtime": 231}}