{"MNIST Encoder Training Loss": 9.407512526061249e-06, "MNIST Encoder Validation Loss": 0.0007580263769568774, "_timestamp": 1732255665.4910626, "_runtime": 56.42452359199524, "_step": 99, "_wandb": {"runtime": 56}}