{"PCA of Predicted Chemical Embeddings": {"_type": "image-file", "sha256": "8c136356c3ad13e397a65ebb70ac18172b9905c9af7d152f6d215cfa3cab71c1", "size": 353753, "path": "media/images/PCA of Predicted Chemical Embeddings_1_8c136356c3ad13e397a6.png", "format": "png", "width": 2400, "height": 1800}, "_timestamp": 1733781209.0659773, "_runtime": 11.01127028465271, "_step": 2, "Encoder Training Loss": 0.19039934376875559, "Encoder Validation Loss": 0.1736135184764862, "_wandb": {"runtime": 10}}