{"PCA of Predicted Chemical Embeddings": {"_type": "image-file", "sha256": "8664ac2af264c7fd28e71c195c83443ccfaaabc122018602e5d98c28893883a7", "size": 396614, "path": "media/images/PCA of Predicted Chemical Embeddings_1_8664ac2af264c7fd28e7.png", "format": "png", "width": 2400, "height": 1800}, "_timestamp": 1733781124.2236629, "_runtime": 11.742952823638916, "_step": 2, "Encoder Training Loss": 0.30165661374727887, "Encoder Validation Loss": 0.2731361786524455, "_wandb": {"runtime": 10}}