{"Encoder Training Loss": 1.8817229709815042e-08, "Encoder Validation Loss": 3.3877831674400718e-06, "_timestamp": 1734373780.0638125, "_runtime": 2983.5454165935516, "_step": 117, "Early Stopping Ecoch": 114, "Learning Rate at Final Epoch": 1.0000000000000004e-08, "PCA of Predicted Chemical Embeddings": {"_type": "image-file", "sha256": "c9c281323273832dea3dc1e50fa633556e7d9e58ec6523539ba9a4f8a4768ee8", "size": 145532, "path": "media/images/PCA of Predicted Chemical Embeddings_117_c9c281323273832dea3d.png", "format": "png", "width": 2400, "height": 1800}, "_wandb": {"runtime": 2983}}