{"Encoder Training Loss": 0.0001513719003244874, "Encoder Validation Loss": 9.29028552873647e-05, "_timestamp": 1734026806.9633393, "_runtime": 287.2353904247284, "_step": 4, "_wandb": {"runtime": 339}}