{"Encoder Training Loss": 0.00036595099914505275, "Encoder Validation Loss": 9.28103499267434e-05, "_timestamp": 1732637654.4614937, "_runtime": 234.10756874084473, "_step": 31, "_wandb": {"runtime": 249}}