{"Generator Training Loss": 281306.5912344274, "Generator Validation Loss": 281957.4036233836, "_timestamp": 1730754268.070592, "_runtime": 97.63317394256592, "_step": 34, "Comparison of Experimental and Synthetic Spectra": {"_type": "image-file", "sha256": "4ae3812c32a60f32d051d414acf3fb9fcbbdfac67ca13af660d00b601b878f7d", "size": 286488, "path": "media/images/Comparison of Experimental and Synthetic Spectra_34_4ae3812c32a60f32d051.png", "format": "png", "width": 6000, "height": 3000}, "_wandb": {"runtime": 96}}