{"PCA of Predicted Chemical Embeddings": {"_type": "image-file", "sha256": "57ac0fa4502a14f54e00b0f250e754cd25dcbc0ba255052a78aa889eb17ea088", "size": 132074, "path": "media/images/PCA of Predicted Chemical Embeddings_1_57ac0fa4502a14f54e00.png", "format": "png", "width": 2400, "height": 1800}, "_timestamp": 1733780232.1230493, "_runtime": 8.857493162155151, "_step": 2, "Encoder Training Loss": 0.10251144791642824, "Encoder Validation Loss": 0.06528946657975515, "_wandb": {"runtime": 8}}