{"Encoder Training Loss": 9.597917573214939e-06, "Encoder Validation Loss": 1.3092077353874253e-05, "_timestamp": 1730865521.5459344, "_runtime": 412.55356645584106, "_step": 100, "PCA of Predicted Chemical Embeddings": {"_type": "image-file", "sha256": "652c37d5f74786cd582779a292080031a4f7d6411249f133d91bb9366ef301ea", "size": 107721, "path": "media/images/PCA of Predicted Chemical Embeddings_100_652c37d5f74786cd5827.png", "format": "png", "width": 1920, "height": 1440}, "_wandb": {"runtime": 412}}