{"Encoder Training Loss": 3.832026192692037e+16, "Encoder Validation Loss": 8561868386.05522, "_timestamp": 1738647116.3543704, "_runtime": 479.79399728775024, "_step": 4, "_wandb": {"runtime": 521}}