{"Encoder Training Loss": 6.348460516021311e-09, "Encoder Validation Loss": 4.157424724097089e-05, "_timestamp": 1735666194.7340298, "_runtime": 1882.7504868507385, "_step": 75, "Early Stopping Ecoch": 72, "Learning Rate at Final Epoch": 1.0000000000000002e-07, "PCA of Predicted Chemical Embeddings": {"_type": "image-file", "sha256": "a536f81140dab7a04ba2f8a951b8a60a63deaba16d330c53f04e5acb9ac75279", "size": 153459, "path": "media/images/PCA of Predicted Chemical Embeddings_75_a536f81140dab7a04ba2.png", "format": "png", "width": 2400, "height": 1800}, "_wandb": {"runtime": 1883}}