{"PCA of Predicted Chemical Embeddings": {"_type": "image-file", "sha256": "366c3670e096defa6d94b2afc79dcfd8f618eb930e1c01d757a55b78c72c77f2", "size": 117697, "path": "media/images/PCA of Predicted Chemical Embeddings_1_366c3670e096defa6d94.png", "format": "png", "width": 2400, "height": 1800}, "_timestamp": 1733780005.8456926, "_runtime": 9.146063566207886, "_step": 2, "Encoder Training Loss": 0.0891730268796285, "Encoder Validation Loss": 0.06283821115891139, "_wandb": {"runtime": 8}}