{"Encoder Training Loss": 0.0010864767611737129, "Encoder Validation Loss": 0.0013792034542528815, "_timestamp": 1733797045.541088, "_runtime": 28.37902021408081, "_step": 11, "PCA of Predicted Chemical Embeddings": {"_type": "image-file", "sha256": "79d20c14131eefcab53a6d66295e3e3fe58390f67787eecbd3fc1b9b39d215a1", "size": 633553, "path": "media/images/PCA of Predicted Chemical Embeddings_10_79d20c14131eefcab53a.png", "format": "png", "width": 2400, "height": 1800}, "_wandb": {"runtime": 27}}