{"Encoder Training Loss": 6.03228384043051e-05, "Encoder Validation Loss": 3.617811348547172e-05, "_timestamp": 1733430286.5182176, "_runtime": 404.86406350135803, "_step": 53, "PCA of Predicted Chemical Embeddings": {"_type": "image-file", "sha256": "206e8ac321fc9732410c619aadd162388f70ccad12b0caa6c14afdc93a88c8a8", "size": 180883, "path": "media/images/PCA of Predicted Chemical Embeddings_53_206e8ac321fc9732410c.png", "format": "png", "width": 2400, "height": 1800}, "_wandb": {"runtime": 405}}