{"MNIST Encoder Training Loss": 4.073762382981556e-05, "MNIST Encoder Validation Loss": 0.0007451427289794734, "_timestamp": 1732249703.7207177, "_runtime": 67.58485269546509, "_step": 99, "_wandb": {"runtime": 66}}