{"Encoder Training Loss": 8.41123698828877e-05, "Encoder Validation Loss": 0.010028081418223055, "_timestamp": 1733775428.730164, "_runtime": 176.3781111240387, "_step": 23, "PCA of Predicted Chemical Embeddings": {"_type": "image-file", "sha256": "3cdb361d33d99bb78c85675c1c7e7b2f43e5d3a624e27fb5aaf35ea552087830", "size": 784274, "path": "media/images/PCA of Predicted Chemical Embeddings_23_3cdb361d33d99bb78c85.png", "format": "png", "width": 2400, "height": 1800}, "_wandb": {"runtime": 176}}