{"Encoder Training Loss": 3.301358778958614e-05, "Encoder Validation Loss": 0.000747922750268123, "_timestamp": 1732571814.1118917, "_runtime": 77.23180270195007, "_step": 60, "_wandb": {"runtime": 77}}