{"Encoder Training Loss": 0.0025851274742073015, "Encoder Validation Loss": 0.0025328541454390334, "_timestamp": 1733797255.9688215, "_runtime": 15.761677503585815, "_step": 11, "PCA of Predicted Chemical Embeddings": {"_type": "image-file", "sha256": "9344889b584c651522156cee2d62c299a15d0be5d83798c2ffce4c4f313254cc", "size": 750235, "path": "media/images/PCA of Predicted Chemical Embeddings_10_9344889b584c65152215.png", "format": "png", "width": 2400, "height": 1800}, "_wandb": {"runtime": 15}}