{"Encoder Training Loss": 3.434425910448648e-05, "Encoder Validation Loss": 0.0016028017174637076, "_timestamp": 1733777695.9244182, "_runtime": 2422.3976941108704, "_step": 169, "PCA of Predicted Chemical Embeddings": {"_type": "image-file", "sha256": "b1cfb37a1b0b2dcb2bb156af2b42fa922cab8d4064473ba7f518ca3da5451358", "size": 225053, "path": "media/images/PCA of Predicted Chemical Embeddings_169_b1cfb37a1b0b2dcb2bb1.png", "format": "png", "width": 2400, "height": 1800}, "_wandb": {"runtime": 2422}}