{"Encoder Training Loss": 1.3482046045106033, "_timestamp": 1730061302.2931561, "_runtime": 142.2139630317688, "_step": 7, "_wandb": {"runtime": 141}}