{"Generator Training Loss": 465020.07163392426, "Generator Validation Loss": 465922.3314924569, "_timestamp": 1730755127.0408351, "_runtime": 117.833181142807, "_step": 34, "Comparison of Experimental and Synthetic Spectra": {"_type": "image-file", "sha256": "d42e8b7024e9f85f18365c756b50317da8888a8a88c79e3ef7be876ede95522e", "size": 298983, "path": "media/images/Comparison of Experimental and Synthetic Spectra_34_d42e8b7024e9f85f1836.png", "format": "png", "width": 6000, "height": 3000}, "_wandb": {"runtime": 116}}