{"Encoder Training Loss": 0.00019370929002431153, "Encoder Validation Loss": 0.0006225576219878412, "_timestamp": 1730312176.285374, "_runtime": 1308.0714960098267, "_step": 88}