{"Encoder Training Loss": 0.0001452575538170079, "Encoder Validation Loss": 9.12104716294066e-05, "_timestamp": 1730311970.2778633, "_runtime": 1102.0639853477478, "_step": 74}