{"CIFAR10 Encoder Training Loss": 35378704.806, "CIFAR10 Encoder Validation Loss": 5818922.128486056, "_timestamp": 1732244364.6494012, "_runtime": 138.9587562084198, "_step": 31, "_wandb": {"runtime": 147}}