{"Encoder Training Loss": 0.00022204853852883182, "Encoder Validation Loss": 0.0008251195817234439, "_timestamp": 1733797710.0336688, "_runtime": 19.681748867034912, "_step": 16, "PCA of Predicted Chemical Embeddings": {"_type": "image-file", "sha256": "54d890f458e702721b4c8528916f111d7191f24bb668d92afeb8eb5d4aa9bc94", "size": 455457, "path": "media/images/PCA of Predicted Chemical Embeddings_16_54d890f458e702721b4c.png", "format": "png", "width": 2400, "height": 1800}, "_wandb": {"runtime": 18}}