{"Encoder Training Loss": 0.01660888458484377, "Encoder Validation Loss": 0.014494464194787473, "_timestamp": 1730305665.9646976, "_runtime": 48.55216860771179, "_step": 10, "PCA of Predicted Chemical Embeddings": {"_type": "image-file", "sha256": "7d18c9d07e744b372087f4b60603a566c1ed289c0b2a617c142bd611ee6a80f5", "size": 188708, "path": "media/images/PCA of Predicted Chemical Embeddings_10_7d18c9d07e744b372087.png", "format": "png", "width": 1920, "height": 1440}, "_wandb": {"runtime": 49}}