{"Encoder Training Loss": 0.0003776260928285262, "Encoder Validation Loss": 0.0009700373854361277, "_timestamp": 1732570091.2862139, "_runtime": 12.738209962844849, "_step": 8, "_wandb": {"runtime": 231}}