{"Encoder Training Loss": 5.654384901459345e-06, "Encoder Validation Loss": 7.948384666292074e-06, "_timestamp": 1732577316.3936026, "_runtime": 368.7892014980316, "_step": 43, "PCA of Predicted Chemical Embeddings": {"_type": "image-file", "sha256": "161a8af7efdb352fd10fcd9dfc51e9c88d1b0d4ae85caccae8ab1ddecdea660c", "size": 137309, "path": "media/images/PCA of Predicted Chemical Embeddings_43_161a8af7efdb352fd10f.png", "format": "png", "width": 2400, "height": 1800}, "_wandb": {"runtime": 367}}