{"Encoder Training Loss": 68074.32327705638, "Encoder Validation Loss": 11662.45842032597, "_timestamp": 1730326909.466291, "_runtime": 758.5234048366547, "_step": 100, "PCA of Predicted Chemical Embeddings": {"_type": "image-file", "sha256": "f94acad529fe3a0b27a3153bd346b7ef2f528e8a65c54cf314ba12a70e33c4bd", "size": 72336, "path": "media/images/PCA of Predicted Chemical Embeddings_100_f94acad529fe3a0b27a3.png", "format": "png", "width": 1920, "height": 1440}, "_wandb": {"runtime": 759}}