{"Encoder Training Loss": 4.104243394002178e-06, "Encoder Validation Loss": 0.0012272011311627768, "_timestamp": 1732221231.8500848, "_runtime": 49.68609976768494, "_step": 99, "_wandb": {"runtime": 50}}