{"PCA of Predicted Chemical Embeddings": {"_type": "image-file", "sha256": "b3c0b5b5d5e2ce9ec2490ec7de7007dd3a38cfde541cc243afab103a6865735a", "size": 121145, "path": "media/images/PCA of Predicted Chemical Embeddings_1_b3c0b5b5d5e2ce9ec249.png", "format": "png", "width": 2400, "height": 1800}, "_timestamp": 1733779173.4359128, "_runtime": 8.983319759368896, "_step": 2, "Encoder Training Loss": 0.09775211587548256, "Encoder Validation Loss": 0.06858230953415236, "_wandb": {"runtime": 8}}