{"Generator Training Loss": 153084.84266066723, "Generator Validation Loss": 158072.495858028, "_timestamp": 1730402221.270549, "_runtime": 14.358803033828735, "_step": 2, "_wandb": {"runtime": 17}}