{"Encoder Training Loss": 1.552295971386392e-05, "Encoder Validation Loss": 0.0005996692519238573, "_timestamp": 1733795287.699237, "_runtime": 65.97722601890564, "_step": 31, "PCA of Predicted Chemical Embeddings": {"_type": "image-file", "sha256": "37f44e4d8e9d15f169a8f918dfde3201e4ac67775e0d7c2b21fcc00fc86c3cf3", "size": 323393, "path": "media/images/PCA of Predicted Chemical Embeddings_31_37f44e4d8e9d15f169a8.png", "format": "png", "width": 2400, "height": 1800}, "_wandb": {"runtime": 64}}