{"Encoder Training Loss": 2.8887335733527615e-05, "_timestamp": 1732027668.7182713, "_runtime": 101.33944725990295, "_step": 99, "_wandb": {"runtime": 114}}