{"Encoder Training Loss": 0.0011719633620378195, "Encoder Validation Loss": 0.001607725201403186, "_timestamp": 1732568804.6229804, "_runtime": 133.93017840385437, "_step": 30, "_wandb": {"runtime": 132}}