{"PCA of Predicted Chemical Embeddings": {"_type": "image-file", "sha256": "cf647acca01a5d06db477f8e5290701aa7ef27ee5f2058a0c2739e317411b8e8", "size": 589843, "path": "media/images/PCA of Predicted Chemical Embeddings_1_cf647acca01a5d06db47.png", "format": "png", "width": 2400, "height": 1800}, "_timestamp": 1732571587.102561, "_runtime": 9.772520065307617, "_step": 2, "Encoder Training Loss": 0.006769050794252415, "Encoder Validation Loss": 0.002560851670240061, "_wandb": {"runtime": 8}}