{"Encoder Training Loss": 0.0009882935098206411, "Encoder Validation Loss": 0.002331301830660474, "_timestamp": 1732221169.7575233, "_runtime": 5.804908275604248, "_step": 9, "_wandb": {"runtime": 6}}