{"Encoder Training Loss": 1.3766008510476121e-07, "Encoder Validation Loss": 0.000595147112181387, "_timestamp": 1738678513.45691, "_runtime": 1297.412598848343, "_step": 43, "Early Stopping Ecoch": 41, "Learning Rate at Final Epoch": 1.0000000000000002e-07, "PCA of Predicted Chemical Embeddings": {"_type": "image-file", "sha256": "91b081332f1242e61617fbd1710bf840960727e451a05fd87333579d6a18c70c", "size": 809061, "path": "media/images/PCA of Predicted Chemical Embeddings_43_91b081332f1242e61617.png", "format": "png", "width": 2400, "height": 1800}, "_wandb": {"runtime": 1297}}