{"Encoder Training Loss": 0.012582354583490687, "_timestamp": 1730303242.4421554, "_runtime": 17.777926445007324, "_step": 2, "Encoder Validation Loss": 0.0015347440263400946, "PCA of Predicted Chemical Embeddings": {"_type": "image-file", "sha256": "9a4602bac82c1d0ffc8c71d86f9bddb5d750ff5eb0b72ab62d7de6d35e2909f7", "size": 102649, "path": "media/images/PCA of Predicted Chemical Embeddings_2_9a4602bac82c1d0ffc8c.png", "format": "png", "width": 640, "height": 480}, "_wandb": {"runtime": 18}}