{"Encoder Training Loss": 2.667681698166747e-06, "Encoder Validation Loss": 7.82821994298619e-06, "_timestamp": 1732641781.4726546, "_runtime": 1170.8736515045166, "_step": 151, "PCA of Predicted Chemical Embeddings": {"_type": "image-file", "sha256": "25b19f8b7eb9bc8dc55390635b1fc0237f3bd8889ceac8da4ad8f1bc6e927eec", "size": 170577, "path": "media/images/PCA of Predicted Chemical Embeddings_151_25b19f8b7eb9bc8dc553.png", "format": "png", "width": 2400, "height": 1800}, "_wandb": {"runtime": 1170}}