{"Encoder Training Loss": 0.00025180195185907025, "Encoder Validation Loss": 0.00033652339761672544, "_timestamp": 1732221484.033258, "_runtime": 49.97616100311279, "_step": 9, "_wandb": {"runtime": 61}}