{"Generator Training Loss": 151433.99276599567, "Generator Validation Loss": 151811.296875, "_timestamp": 1730403665.43252, "_runtime": 97.26715183258057, "_step": 14, "Comparison of Experimental and Synthetic Spectra": {"_type": "image-file", "sha256": "95e1dbc60ed2020bc67076bfb6b8f9485a90490ad5c8734bbccba23c33c725a2", "size": 354168, "path": "media/images/Comparison of Experimental and Synthetic Spectra_14_95e1dbc60ed2020bc670.png", "format": "png", "width": 6000, "height": 3000}, "_wandb": {"runtime": 96}}