{"Generator Training Loss": 125659.00999012213, "Generator Validation Loss": 125663.7893992457, "_timestamp": 1730403292.5796556, "_runtime": 82.4479067325592, "_step": 24, "Comparison of Experimental and Synthetic Spectra": {"_type": "image-file", "sha256": "ea1dc915af921e9919211d3d179845b4c33b599109b337f4aeb20ee5ec619633", "size": 359300, "path": "media/images/Comparison of Experimental and Synthetic Spectra_24_ea1dc915af921e991921.png", "format": "png", "width": 6000, "height": 3000}, "_wandb": {"runtime": 81}}