{"Encoder Training Loss": 1.8381495315414516e-08, "Encoder Validation Loss": 0.001356888343270785, "_timestamp": 1734407737.2631435, "_runtime": 1436.781189441681, "_step": 91, "_wandb": {"runtime": 1477}}