{"Comparison of Real and Synthetic Spectra": {"_type": "image-file", "sha256": "dd24462cdf655d9c0488fbcd01a06aa084bdfc6b17f010f157eaa56bf0c54581", "size": 425683, "path": "media/images/Comparison of Real and Synthetic Spectra_9_dd24462cdf655d9c0488.png", "format": "png", "width": 4200, "height": 2400}, "_timestamp": 1736177541.878261, "_runtime": 32.71092915534973, "_step": 10, "Generator Training Loss": 2.3914970425247783e+20, "Generator Validation Loss": 28290608975.295944, "_wandb": {"runtime": 32}}