{"Encoder Training Loss": 0.0004939016765139431, "Encoder Validation Loss": 0.0013437055966647054, "_timestamp": 1732569004.8038323, "_runtime": 20.002493381500244, "_step": 14, "_wandb": {"runtime": 18}}