{"PCA of Predicted Chemical Embeddings": {"_type": "image-file", "sha256": "24769daea299d1778202c4fd8ca0561934ef8729292c851fb1365cd7caa82ea0", "size": 711820, "path": "media/images/PCA of Predicted Chemical Embeddings_0_24769daea299d1778202.png", "format": "png", "width": 2400, "height": 1800}, "_timestamp": 1732566619.1270204, "_runtime": 49.69891834259033, "_step": 1, "Encoder Training Loss": 0.0016370769515583925, "Encoder Validation Loss": 0.0002295110454160122, "_wandb": {"runtime": 48}}