{"Encoder Training Loss": 0.0025928438147668964, "Encoder Validation Loss": 0.002590995100758575, "_timestamp": 1733797368.5226655, "_runtime": 15.238190412521362, "_step": 11, "PCA of Predicted Chemical Embeddings": {"_type": "image-file", "sha256": "b887c26517dc22d5805eee0ff0232af39ef7502664575a54611118bf0c0e8708", "size": 764559, "path": "media/images/PCA of Predicted Chemical Embeddings_10_b887c26517dc22d5805e.png", "format": "png", "width": 2400, "height": 1800}, "_wandb": {"runtime": 14}}