{"MNIST Encoder Training Loss": 1.2630330731024305e-05, "MNIST Encoder Validation Loss": 0.0007072290966087588, "_timestamp": 1732249631.6328466, "_runtime": 109.53965854644775, "_step": 99, "_wandb": {"runtime": 108}}