{"PCA of Predicted Chemical Embeddings": {"_type": "image-file", "sha256": "6f3a46ed32bdd9a4cee319820ef4d0286cd233b664e61b5200e530ea19efcf71", "size": 131349, "path": "media/images/PCA of Predicted Chemical Embeddings_1_6f3a46ed32bdd9a4cee3.png", "format": "png", "width": 2400, "height": 1800}, "_timestamp": 1733779544.6502485, "_runtime": 9.35556149482727, "_step": 2, "Encoder Training Loss": 0.08674116333325704, "Encoder Validation Loss": 0.0633520613114039, "_wandb": {"runtime": 8}}